{
  "model.embed_tokens.weight": 7.605746583547443,
  "model.layers.0.self_attn.q_proj.weight": 0.16174645152932499,
  "model.layers.0.self_attn.k_proj.weight": 0.31318949491833337,
  "model.layers.0.self_attn.v_proj.weight": 15.921818843111396,
  "model.layers.0.self_attn.dense.weight": 4.6780236745253205,
  "model.layers.0.mlp.fc1.weight": 0.6941968444734812,
  "model.layers.0.mlp.fc2.weight": 1.7551601049490273,
  "model.layers.0.input_layernorm.weight": 0.24232374955317937,
  "model.layers.1.self_attn.q_proj.weight": 0.06649054407898802,
  "model.layers.1.self_attn.k_proj.weight": 0.09925813628069591,
  "model.layers.1.self_attn.v_proj.weight": 5.145854495931417,
  "model.layers.1.self_attn.dense.weight": 2.8451437116600573,
  "model.layers.1.mlp.fc1.weight": 1.8463952175807208,
  "model.layers.1.mlp.fc2.weight": 3.5289280582219362,
  "model.layers.1.input_layernorm.weight": 0.043803724427561974,
  "model.layers.2.self_attn.q_proj.weight": 0.19233901865663938,
  "model.layers.2.self_attn.k_proj.weight": 0.26079419066081755,
  "model.layers.2.self_attn.v_proj.weight": 8.587155617773533,
  "model.layers.2.self_attn.dense.weight": 2.4658501346129924,
  "model.layers.2.mlp.fc1.weight": 2.6450986424461007,
  "model.layers.2.mlp.fc2.weight": 3.868364396970719,
  "model.layers.2.input_layernorm.weight": 0.05625350724221789,
  "model.layers.3.self_attn.q_proj.weight": 0.2989571185898967,
  "model.layers.3.self_attn.k_proj.weight": 0.28548899173620157,
  "model.layers.3.self_attn.v_proj.weight": 4.715509121306241,
  "model.layers.3.self_attn.dense.weight": 1.4024416264146566,
  "model.layers.3.mlp.fc1.weight": 3.1874269428662956,
  "model.layers.3.mlp.fc2.weight": 3.986540120560676,
  "model.layers.3.input_layernorm.weight": 0.08053975099755917,
  "model.layers.4.self_attn.q_proj.weight": 0.4301268451381475,
  "model.layers.4.self_attn.k_proj.weight": 0.4657366100582294,
  "model.layers.4.self_attn.v_proj.weight": 5.155487073585391,
  "model.layers.4.self_attn.dense.weight": 1.2740479754284024,
  "model.layers.4.mlp.fc1.weight": 3.616520165465772,
  "model.layers.4.mlp.fc2.weight": 4.198703422676772,
  "model.layers.4.input_layernorm.weight": 0.09252121460667695,
  "model.layers.5.self_attn.q_proj.weight": 0.39566721953451633,
  "model.layers.5.self_attn.k_proj.weight": 0.3801905230502598,
  "model.layers.5.self_attn.v_proj.weight": 4.252364778891206,
  "model.layers.5.self_attn.dense.weight": 1.2432308469433337,
  "model.layers.5.mlp.fc1.weight": 3.9848015452735126,
  "model.layers.5.mlp.fc2.weight": 4.533844279125333,
  "model.layers.5.input_layernorm.weight": 0.0787238270859234,
  "model.layers.6.self_attn.q_proj.weight": 0.4163588654482737,
  "model.layers.6.self_attn.k_proj.weight": 0.37428026529960334,
  "model.layers.6.self_attn.v_proj.weight": 3.4698988310992718,
  "model.layers.6.self_attn.dense.weight": 0.921491272514686,
  "model.layers.6.mlp.fc1.weight": 4.522591358050704,
  "model.layers.6.mlp.fc2.weight": 4.5234320955350995,
  "model.layers.6.input_layernorm.weight": 0.06978920855908655,
  "model.layers.7.self_attn.q_proj.weight": 0.3521387450164184,
  "model.layers.7.self_attn.k_proj.weight": 0.3092093920568004,
  "model.layers.7.self_attn.v_proj.weight": 3.4641478369012475,
  "model.layers.7.self_attn.dense.weight": 0.8769353502430022,
  "model.layers.7.mlp.fc1.weight": 4.32327756844461,
  "model.layers.7.mlp.fc2.weight": 4.59000098425895,
  "model.layers.7.input_layernorm.weight": 0.07532225247268798,
  "model.layers.8.self_attn.q_proj.weight": 0.5517841200926341,
  "model.layers.8.self_attn.k_proj.weight": 0.4106386933126487,
  "model.layers.8.self_attn.v_proj.weight": 3.8719916753470898,
  "model.layers.8.self_attn.dense.weight": 0.6228011167841032,
  "model.layers.8.mlp.fc1.weight": 4.427569206804037,
  "model.layers.8.mlp.fc2.weight": 4.639879957772791,
  "model.layers.8.input_layernorm.weight": 0.06976881722221151,
  "model.layers.9.self_attn.q_proj.weight": 0.5308834564639255,
  "model.layers.9.self_attn.k_proj.weight": 0.4665975464740768,
  "model.layers.9.self_attn.v_proj.weight": 4.280204068869352,
  "model.layers.9.self_attn.dense.weight": 0.8910080380737782,
  "model.layers.9.mlp.fc1.weight": 4.452999630011618,
  "model.layers.9.mlp.fc2.weight": 4.463850490748882,
  "model.layers.9.input_layernorm.weight": 0.15123710607440444,
  "model.layers.10.self_attn.q_proj.weight": 0.6957234018482268,
  "model.layers.10.self_attn.k_proj.weight": 0.5567988991970196,
  "model.layers.10.self_attn.v_proj.weight": 3.857695924118161,
  "model.layers.10.self_attn.dense.weight": 0.8138867521192878,
  "model.layers.10.mlp.fc1.weight": 4.438024923205376,
  "model.layers.10.mlp.fc2.weight": 4.2043627835810184,
  "model.layers.10.input_layernorm.weight": 0.11092042902600951,
  "model.layers.11.self_attn.q_proj.weight": 0.8644832143327221,
  "model.layers.11.self_attn.k_proj.weight": 0.8454294931143522,
  "model.layers.11.self_attn.v_proj.weight": 4.696877070702612,
  "model.layers.11.self_attn.dense.weight": 0.9772189471405,
  "model.layers.11.mlp.fc1.weight": 3.887478295713663,
  "model.layers.11.mlp.fc2.weight": 3.5847124764695764,
  "model.layers.11.input_layernorm.weight": 0.06795621563651366,
  "model.layers.12.self_attn.q_proj.weight": 0.3952794222859666,
  "model.layers.12.self_attn.k_proj.weight": 0.34627536445623264,
  "model.layers.12.self_attn.v_proj.weight": 3.5410590125247836,
  "model.layers.12.self_attn.dense.weight": 0.7346314957831055,
  "model.layers.12.mlp.fc1.weight": 3.9722295152023435,
  "model.layers.12.mlp.fc2.weight": 3.4639501124620438,
  "model.layers.12.input_layernorm.weight": 0.049109480751212686,
  "model.layers.13.self_attn.q_proj.weight": 0.425777297350578,
  "model.layers.13.self_attn.k_proj.weight": 0.3930282293003984,
  "model.layers.13.self_attn.v_proj.weight": 3.070036018267274,
  "model.layers.13.self_attn.dense.weight": 0.5917258458212018,
  "model.layers.13.mlp.fc1.weight": 3.397895522415638,
  "model.layers.13.mlp.fc2.weight": 3.109653813764453,
  "model.layers.13.input_layernorm.weight": 0.05454827033827314,
  "model.layers.14.self_attn.q_proj.weight": 0.3486467323382385,
  "model.layers.14.self_attn.k_proj.weight": 0.3306264506536536,
  "model.layers.14.self_attn.v_proj.weight": 3.0941179394721985,
  "model.layers.14.self_attn.dense.weight": 0.6392734560649842,
  "model.layers.14.mlp.fc1.weight": 3.1279772827401757,
  "model.layers.14.mlp.fc2.weight": 2.9304837081581354,
  "model.layers.14.input_layernorm.weight": 0.04284668400941882,
  "model.layers.15.self_attn.q_proj.weight": 0.35133994958596304,
  "model.layers.15.self_attn.k_proj.weight": 0.3752844093251042,
  "model.layers.15.self_attn.v_proj.weight": 2.906632003840059,
  "model.layers.15.self_attn.dense.weight": 0.693612199742347,
  "model.layers.15.mlp.fc1.weight": 3.2023503175005317,
  "model.layers.15.mlp.fc2.weight": 2.9674879871308804,
  "model.layers.15.input_layernorm.weight": 0.0336767124463222,
  "model.layers.16.self_attn.q_proj.weight": 0.29080743598751724,
  "model.layers.16.self_attn.k_proj.weight": 0.2662884601159021,
  "model.layers.16.self_attn.v_proj.weight": 2.650428486522287,
  "model.layers.16.self_attn.dense.weight": 0.527793770772405,
  "model.layers.16.mlp.fc1.weight": 3.1721817003563046,
  "model.layers.16.mlp.fc2.weight": 2.822302826680243,
  "model.layers.16.input_layernorm.weight": 0.035795782365312334,
  "model.layers.17.self_attn.q_proj.weight": 0.24743678217055276,
  "model.layers.17.self_attn.k_proj.weight": 0.20514326938427985,
  "model.layers.17.self_attn.v_proj.weight": 2.3357227141968906,
  "model.layers.17.self_attn.dense.weight": 0.503780165920034,
  "model.layers.17.mlp.fc1.weight": 3.1922945119440556,
  "model.layers.17.mlp.fc2.weight": 2.8206023136153817,
  "model.layers.17.input_layernorm.weight": 0.03746579690778162,
  "model.layers.18.self_attn.q_proj.weight": 0.2994544491521083,
  "model.layers.18.self_attn.k_proj.weight": 0.28208178776549175,