{
  "model.embed_tokens.weight": 0.01083672077220399,
  "model.layers.0.self_attn.q_proj.weight": 0.0006983900705108681,
  "model.layers.0.self_attn.k_proj.weight": 0.0047942944893293316,
  "model.layers.0.self_attn.v_proj.weight": 2.0422100787982345,
  "model.layers.0.self_attn.o_proj.weight": 0.044487861916422844,
  "model.layers.0.mlp.gate_proj.weight": 0.000876345079177554,
  "model.layers.0.mlp.up_proj.weight": 0.0010802642100316007,
  "model.layers.0.mlp.down_proj.weight": 0.0025347241480631055,
  "model.layers.0.input_layernorm.weight": 4.414370795711875,
  "model.layers.0.post_attention_layernorm.weight": 0.8333612713031471,
  "model.layers.1.self_attn.q_proj.weight": 0.000260329613979593,
  "model.layers.1.self_attn.k_proj.weight": 0.0018081592361340881,
  "model.layers.1.self_attn.v_proj.weight": 0.08585283166030422,
  "model.layers.1.self_attn.o_proj.weight": 0.008072017139056697,
  "model.layers.1.mlp.gate_proj.weight": 0.0046597788168583065,
  "model.layers.1.mlp.up_proj.weight": 0.006499584884295473,
  "model.layers.1.mlp.down_proj.weight": 0.0227517185267061,
  "model.layers.1.input_layernorm.weight": 0.4128770874813199,
  "model.layers.1.post_attention_layernorm.weight": 0.05468575024860911,
  "model.layers.2.self_attn.q_proj.weight": 0.000906225382550474,
  "model.layers.2.self_attn.k_proj.weight": 0.010510305819479981,
  "model.layers.2.self_attn.v_proj.weight": 0.042450735316378996,
  "model.layers.2.self_attn.o_proj.weight": 0.004750408079416957,
  "model.layers.2.mlp.gate_proj.weight": 0.0024888676998671144,
  "model.layers.2.mlp.up_proj.weight": 0.004527698187303031,
  "model.layers.2.mlp.down_proj.weight": 0.019405087296036072,
  "model.layers.2.input_layernorm.weight": 0.15583515033358708,
  "model.layers.2.post_attention_layernorm.weight": 0.07791758672101423,
  "model.layers.3.self_attn.q_proj.weight": 0.0015354109491454437,
  "model.layers.3.self_attn.k_proj.weight": 0.022018357922206633,
  "model.layers.3.self_attn.v_proj.weight": 0.06010723562212661,
  "model.layers.3.self_attn.o_proj.weight": 0.006358206112054177,
  "model.layers.3.mlp.gate_proj.weight": 0.0024070232084341114,
  "model.layers.3.mlp.up_proj.weight": 0.004897656359389657,
  "model.layers.3.mlp.down_proj.weight": 0.002757296784693608,
  "model.layers.3.input_layernorm.weight": 0.19970022735651582,
  "model.layers.3.post_attention_layernorm.weight": 0.0928882219013758,
  "model.layers.4.self_attn.q_proj.weight": 0.0012877668596047442,
  "model.layers.4.self_attn.k_proj.weight": 0.016682715409842785,
  "model.layers.4.self_attn.v_proj.weight": 0.046649466356029734,
  "model.layers.4.self_attn.o_proj.weight": 0.0055138690149760805,
  "model.layers.4.mlp.gate_proj.weight": 0.0027676474273903295,
  "model.layers.4.mlp.up_proj.weight": 0.004960642119840486,
  "model.layers.4.mlp.down_proj.weight": 0.003908582220901735,
  "model.layers.4.input_layernorm.weight": 0.18826062919106334,
  "model.layers.4.post_attention_layernorm.weight": 0.27171340119093657,
  "model.layers.5.self_attn.q_proj.weight": 0.0019706903121914365,
  "model.layers.5.self_attn.k_proj.weight": 0.02972890056844335,
  "model.layers.5.self_attn.v_proj.weight": 0.04349659287254326,
  "model.layers.5.self_attn.o_proj.weight": 0.007198253588285297,
  "model.layers.5.mlp.gate_proj.weight": 0.0025831843249761732,
  "model.layers.5.mlp.up_proj.weight": 0.004921121268125717,
  "model.layers.5.mlp.down_proj.weight": 0.0028728562047035666,
  "model.layers.5.input_layernorm.weight": 0.17639501998201013,
  "model.layers.5.post_attention_layernorm.weight": 0.08584334555780515,
  "model.layers.6.self_attn.q_proj.weight": 0.0014709415745528531,
  "model.layers.6.self_attn.k_proj.weight": 0.020918088470352814,
  "model.layers.6.self_attn.v_proj.weight": 0.06090051252976991,
  "model.layers.6.self_attn.o_proj.weight": 0.004504543394432403,
  "model.layers.6.mlp.gate_proj.weight": 0.0024403946699749213,
  "model.layers.6.mlp.up_proj.weight": 0.0033228468982997583,
  "model.layers.6.mlp.down_proj.weight": 0.0035056797387369443,
  "model.layers.6.input_layernorm.weight": 0.15241766069084406,
  "model.layers.6.post_attention_layernorm.weight": 0.3923151162452996,
  "model.layers.7.self_attn.q_proj.weight": 0.0011453335591795621,
  "model.layers.7.self_attn.k_proj.weight": 0.010944978981569875,
  "model.layers.7.self_attn.v_proj.weight": 0.0627839237859007,
  "model.layers.7.self_attn.o_proj.weight": 0.008402421204664279,
  "model.layers.7.mlp.gate_proj.weight": 0.0023781729214533698,
  "model.layers.7.mlp.up_proj.weight": 0.0029223443125374615,
  "model.layers.7.mlp.down_proj.weight": 0.0032678455263521755,
  "model.layers.7.input_layernorm.weight": 0.16188852296909317,
  "model.layers.7.post_attention_layernorm.weight": 0.4437767011113465,
  "model.layers.8.self_attn.q_proj.weight": 0.0020267997460905463,
  "model.layers.8.self_attn.k_proj.weight": 0.02077333370834822,
  "model.layers.8.self_attn.v_proj.weight": 0.04549270900315605,
  "model.layers.8.self_attn.o_proj.weight": 0.006947817510081222,
  "model.layers.8.mlp.gate_proj.weight": 0.002265659080876503,
  "model.layers.8.mlp.up_proj.weight": 0.0028587949818756897,
  "model.layers.8.mlp.down_proj.weight": 0.0032454643205710454,
  "model.layers.8.input_layernorm.weight": 0.11067532427841797,
  "model.layers.8.post_attention_layernorm.weight": 0.36874403222464025,
  "model.layers.9.self_attn.q_proj.weight": 0.002466676443873439,
  "model.layers.9.self_attn.k_proj.weight": 0.03452142335299868,
  "model.layers.9.self_attn.v_proj.weight": 0.04059016227256507,
  "model.layers.9.self_attn.o_proj.weight": 0.008698274337803014,
  "model.layers.9.mlp.gate_proj.weight": 0.002186758862080751,
  "model.layers.9.mlp.up_proj.weight": 0.00251061943708919,
  "model.layers.9.mlp.down_proj.weight": 0.002918132915510796,
  "model.layers.9.input_layernorm.weight": 0.12157210940495133,
  "model.layers.9.post_attention_layernorm.weight": 0.38732123118825257,
  "model.layers.10.self_attn.q_proj.weight": 0.0024585625897088903,
  "model.layers.10.self_attn.k_proj.weight": 0.022001288081810344,
  "model.layers.10.self_attn.v_proj.weight": 0.05070980646996759,
  "model.layers.10.self_attn.o_proj.weight": 0.0125631738192169,
  "model.layers.10.mlp.gate_proj.weight": 0.0020981443194614258,
  "model.layers.10.mlp.up_proj.weight": 0.0024869399621820776,
  "model.layers.10.mlp.down_proj.weight": 0.002844807042492903,
  "model.layers.10.input_layernorm.weight": 0.12399272545007989,
  "model.layers.10.post_attention_layernorm.weight": 0.505671669729054,
  "model.layers.11.self_attn.q_proj.weight": 0.0031156748336798046,
  "model.layers.11.self_attn.k_proj.weight": 0.05017950912588276,
  "model.layers.11.self_attn.v_proj.weight": 0.06782775290776044,
  "model.layers.11.self_attn.o_proj.weight": 0.012252002881723456,
  "model.layers.11.mlp.gate_proj.weight": 0.0020737625072797528,
  "model.layers.11.mlp.up_proj.weight": 0.002600271032861201,
  "model.layers.11.mlp.down_proj.weight": 0.0028089411734981695,
  "model.layers.11.input_layernorm.weight": 0.1988137357402593,
  "model.layers.11.post_attention_layernorm.weight": 0.5412353789433837,
  "model.layers.12.self_attn.q_proj.weight": 0.0024513692942491616,
  "model.layers.12.self_attn.k_proj.weight": 0.021234575542621315,
  "model.layers.12.self_attn.v_proj.weight": 0.039807541616028175,
  "model.layers.12.self_attn.o_proj.weight": 0.008066357589996187,
  "model.layers.12.mlp.gate_proj.weight": 0.0019687862950377166,
  "model.layers.12.mlp.up_proj.weight": 0.002385604040682665,
  "model.layers.12.mlp.down_proj.weight": 0.0025193532474077074,
  "model.layers.12.input_layernorm.weight": 0.09357940329937264,
  "model.layers.12.post_attention_layernorm.weight": 0.388531994773075,
  "model.layers.13.self_attn.q_proj.weight": 0.002049399657153117,
  "model.layers.13.self_attn.k_proj.weight": 0.03600320758414455,
  "model.layers.13.self_attn.v_proj.weight": 0.05146817336208187,
  "model.layers.13.self_attn.o_proj.weight": 0.011441219932748936,