{
    "model.embed_tokens.weight": 1019.2640945911407,
    "model.layers.0.self_attn.q_proj.weight": 0.7363910969579592,
    "model.layers.0.self_attn.k_proj.weight": 0.8403160409070551,
    "model.layers.0.self_attn.v_proj.weight": 431.22292643785477,
    "model.layers.0.self_attn.o_proj.weight": 39.27918116748333,
    "model.layers.0.mlp.gate_proj.weight": 4.743060735054314,
    "model.layers.0.mlp.up_proj.weight": 5.0072375275194645,
    "model.layers.0.mlp.down_proj.weight": 8.6632629185915,
    "model.layers.0.input_layernorm.weight": 3.601919136941433,
    "model.layers.0.post_attention_layernorm.weight": 0.5184034205740318,
    "model.layers.1.self_attn.q_proj.weight": 0.12390638011856936,
    "model.layers.1.self_attn.k_proj.weight": 0.15496481300215237,
    "model.layers.1.self_attn.v_proj.weight": 10.659552101045847,
    "model.layers.1.self_attn.o_proj.weight": 5.299899330362678,
    "model.layers.1.mlp.gate_proj.weight": 19.274898286908865,
    "model.layers.1.mlp.up_proj.weight": 27.77047796547413,
    "model.layers.1.mlp.down_proj.weight": 18.565754652023315,
    "model.layers.1.input_layernorm.weight": 0.18803231371566653,
    "model.layers.1.post_attention_layernorm.weight": 0.026491944961890113,
    "model.layers.2.self_attn.q_proj.weight": 0.3410566452657804,
    "model.layers.2.self_attn.k_proj.weight": 0.7478930287761614,
    "model.layers.2.self_attn.v_proj.weight": 4.946968878619373,
    "model.layers.2.self_attn.o_proj.weight": 2.25459253648296,
    "model.layers.2.mlp.gate_proj.weight": 8.217587696388364,
    "model.layers.2.mlp.up_proj.weight": 14.097712878137827,
    "model.layers.2.mlp.down_proj.weight": 39.92325447499752,
    "model.layers.2.input_layernorm.weight": 0.04489202088007005,
    "model.layers.2.post_attention_layernorm.weight": 0.032023330793890636,
    "model.layers.3.self_attn.q_proj.weight": 0.45403993187937886,
    "model.layers.3.self_attn.k_proj.weight": 1.3858697430696338,
    "model.layers.3.self_attn.v_proj.weight": 4.884398101828992,
    "model.layers.3.self_attn.o_proj.weight": 2.4207426025532186,
    "model.layers.3.mlp.gate_proj.weight": 6.095195451751351,
    "model.layers.3.mlp.up_proj.weight": 12.629573434591293,
    "model.layers.3.mlp.down_proj.weight": 6.739406459033489,
    "model.layers.3.input_layernorm.weight": 0.06923531461507082,
    "model.layers.3.post_attention_layernorm.weight": 0.03329595357354265,
    "model.layers.4.self_attn.q_proj.weight": 0.37075823807390407,
    "model.layers.4.self_attn.k_proj.weight": 0.9665268789976835,
    "model.layers.4.self_attn.v_proj.weight": 3.0288544930517673,
    "model.layers.4.self_attn.o_proj.weight": 1.8393983477726579,
    "model.layers.4.mlp.gate_proj.weight": 4.582179360091686,
    "model.layers.4.mlp.up_proj.weight": 8.318178463727236,
    "model.layers.4.mlp.down_proj.weight": 5.77190853562206,
    "model.layers.4.input_layernorm.weight": 0.041036004695342854,
    "model.layers.4.post_attention_layernorm.weight": 0.0591716432973044,
    "model.layers.5.self_attn.q_proj.weight": 0.5102751345839351,
    "model.layers.5.self_attn.k_proj.weight": 1.4542744252830744,
    "model.layers.5.self_attn.v_proj.weight": 2.134756347630173,
    "model.layers.5.self_attn.o_proj.weight": 1.7467535412870347,
    "model.layers.5.mlp.gate_proj.weight": 5.612811419181526,
    "model.layers.5.mlp.up_proj.weight": 8.325674667954445,
    "model.layers.5.mlp.down_proj.weight": 4.571726743131876,
    "model.layers.5.input_layernorm.weight": 0.03849677595280809,
    "model.layers.5.post_attention_layernorm.weight": 0.02010243066615658,
    "model.layers.6.self_attn.q_proj.weight": 0.2849063298199326,
    "model.layers.6.self_attn.k_proj.weight": 0.8212751061655581,
    "model.layers.6.self_attn.v_proj.weight": 2.4648192832246423,
    "model.layers.6.self_attn.o_proj.weight": 1.02380610560067,
    "model.layers.6.mlp.gate_proj.weight": 2.895701851695776,
    "model.layers.6.mlp.up_proj.weight": 4.093727269209921,
    "model.layers.6.mlp.down_proj.weight": 3.5860872510820627,
    "model.layers.6.input_layernorm.weight": 0.017104284474044107,
    "model.layers.6.post_attention_layernorm.weight": 0.05225290035014041,
    "model.layers.7.self_attn.q_proj.weight": 0.21490415011066943,
    "model.layers.7.self_attn.k_proj.weight": 0.3913652320043184,
    "model.layers.7.self_attn.v_proj.weight": 2.1050595454871655,
    "model.layers.7.self_attn.o_proj.weight": 1.5668065128847957,
    "model.layers.7.mlp.gate_proj.weight": 2.465814024209976,
    "model.layers.7.mlp.up_proj.weight": 3.28499249368906,
    "model.layers.7.mlp.down_proj.weight": 3.1329645849764347,
    "model.layers.7.input_layernorm.weight": 0.021862848530872725,
    "model.layers.7.post_attention_layernorm.weight": 0.05174595260177739,
    "model.layers.8.self_attn.q_proj.weight": 0.2945067274267785,
    "model.layers.8.self_attn.k_proj.weight": 0.5233079303288832,
    "model.layers.8.self_attn.v_proj.weight": 1.2708322152029723,
    "model.layers.8.self_attn.o_proj.weight": 1.1750899949111044,
    "model.layers.8.mlp.gate_proj.weight": 2.1603371696546674,
    "model.layers.8.mlp.up_proj.weight": 2.880912287160754,
    "model.layers.8.mlp.down_proj.weight": 2.8436067393049598,
    "model.layers.8.input_layernorm.weight": 0.010787808845634572,
    "model.layers.8.post_attention_layernorm.weight": 0.03801842012035195,
    "model.layers.9.self_attn.q_proj.weight": 0.37914089288096875,
    "model.layers.9.self_attn.k_proj.weight": 0.8877138481475413,
    "model.layers.9.self_attn.v_proj.weight": 1.097693515010178,
    "model.layers.9.self_attn.o_proj.weight": 1.4666576264426112,
    "model.layers.9.mlp.gate_proj.weight": 1.8965466213412583,
    "model.layers.9.mlp.up_proj.weight": 2.3607404865324497,
    "model.layers.9.mlp.down_proj.weight": 2.218082696199417,
    "model.layers.9.input_layernorm.weight": 0.011531942545843776,
    "model.layers.9.post_attention_layernorm.weight": 0.03857937918655807,
    "model.layers.10.self_attn.q_proj.weight": 0.267729033366777,
    "model.layers.10.self_attn.k_proj.weight": 0.47866543382406235,
    "model.layers.10.self_attn.v_proj.weight": 1.226301551796496,
    "model.layers.10.self_attn.o_proj.weight": 1.6489258697256446,
    "model.layers.10.mlp.gate_proj.weight": 1.5682603353634477,
    "model.layers.10.mlp.up_proj.weight": 1.9798126639798284,
    "model.layers.10.mlp.down_proj.weight": 1.8746797540225089,
    "model.layers.10.input_layernorm.weight": 0.011492072413602727,
    "model.layers.10.post_attention_layernorm.weight": 0.032597912577330135,
    "model.layers.11.self_attn.q_proj.weight": 0.28964583470951766,
    "model.layers.11.self_attn.k_proj.weight": 0.5765873463824391,
    "model.layers.11.self_attn.v_proj.weight": 1.5541925276629627,
    "model.layers.11.self_attn.o_proj.weight": 1.8777658557519317,
    "model.layers.11.mlp.gate_proj.weight": 1.3603095123544335,
    "model.layers.11.mlp.up_proj.weight": 1.8298559868708253,
    "model.layers.11.mlp.down_proj.weight": 1.7998362192884088,
    "model.layers.11.input_layernorm.weight": 0.012487083200539928,
    "model.layers.11.post_attention_layernorm.weight": 0.03433900958771119,
    "model.layers.12.self_attn.q_proj.weight": 0.2693067355430685,
    "model.layers.12.self_attn.k_proj.weight": 0.36505975399632007,
    "model.layers.12.self_attn.v_proj.weight": 0.7188927489332855,
    "model.layers.12.self_attn.o_proj.weight": 0.9875833552796394,
    "model.layers.12.mlp.gate_proj.weight": 1.2094623986631632,
    "model.layers.12.mlp.up_proj.weight": 1.6351111689582467,
    "model.layers.12.mlp.down_proj.weight": 1.5236430293880403,
    "model.layers.12.input_layernorm.weight": 0.007036652268652688,
    "model.layers.12.post_attention_layernorm.weight": 0.029617082633194514,
    "model.layers.13.self_attn.q_proj.weight": 0.213180850550998,
    "model.layers.13.self_attn.k_proj.weight": 0.6335883454885334,
    "model.layers.13.self_attn.v_proj.weight": 1.1775055890902877,