{
    "model.embed_tokens.weight": 67.32617780566216,
    "model.layers.0.self_attn.q_proj.weight": 0.04387705202680081,
    "model.layers.0.self_attn.k_proj.weight": 0.05325568788975943,
    "model.layers.0.self_attn.v_proj.weight": 21.96848290786147,
    "model.layers.0.self_attn.o_proj.weight": 2.8580882027745247,
    "model.layers.0.mlp.gate_proj.weight": 0.3337857292499393,
    "model.layers.0.mlp.up_proj.weight": 0.40905536245554686,
    "model.layers.0.mlp.down_proj.weight": 0.952878266107291,
    "model.layers.0.input_layernorm.weight": 0.18522948381723836,
    "model.layers.0.post_attention_layernorm.weight": 0.03498191365360981,
    "model.layers.1.self_attn.q_proj.weight": 0.016602264975517755,
    "model.layers.1.self_attn.k_proj.weight": 0.019214518179069273,
    "model.layers.1.self_attn.v_proj.weight": 0.9202850889414549,
    "model.layers.1.self_attn.o_proj.weight": 0.517614045413211,
    "model.layers.1.mlp.gate_proj.weight": 1.7568345628678799,
    "model.layers.1.mlp.up_proj.weight": 2.3919759364798665,
    "model.layers.1.mlp.down_proj.weight": 8.467632617801428,
    "model.layers.1.input_layernorm.weight": 0.01758447975589661,
    "model.layers.1.post_attention_layernorm.weight": 0.0023080032292455144,
    "model.layers.2.self_attn.q_proj.weight": 0.05816242747823708,
    "model.layers.2.self_attn.k_proj.weight": 0.11199162731645629,
    "model.layers.2.self_attn.v_proj.weight": 0.45124971121549606,
    "model.layers.2.self_attn.o_proj.weight": 0.2975942670600489,
    "model.layers.2.mlp.gate_proj.weight": 0.9390212015714496,
    "model.layers.2.mlp.up_proj.weight": 1.7109370846301317,
    "model.layers.2.mlp.down_proj.weight": 7.204392770305276,
    "model.layers.2.input_layernorm.weight": 0.006345306103867188,
    "model.layers.2.post_attention_layernorm.weight": 0.00332838041595096,
    "model.layers.3.self_attn.q_proj.weight": 0.09854819814790972,
    "model.layers.3.self_attn.k_proj.weight": 0.23322410939726979,
    "model.layers.3.self_attn.v_proj.weight": 0.6398326454218477,
    "model.layers.3.self_attn.o_proj.weight": 0.40233168727718294,
    "model.layers.3.mlp.gate_proj.weight": 0.8907425911165774,
    "model.layers.3.mlp.up_proj.weight": 1.8073461260646582,
    "model.layers.3.mlp.down_proj.weight": 1.0174087979830801,
    "model.layers.3.input_layernorm.weight": 0.008576721724239178,
    "model.layers.3.post_attention_layernorm.weight": 0.0039040891597323935,
    "model.layers.4.self_attn.q_proj.weight": 0.08018182756495662,
    "model.layers.4.self_attn.k_proj.weight": 0.17192933690967038,
    "model.layers.4.self_attn.v_proj.weight": 0.4892312448937446,
    "model.layers.4.self_attn.o_proj.weight": 0.3384075682843104,
    "model.layers.4.mlp.gate_proj.weight": 1.034261065768078,
    "model.layers.4.mlp.up_proj.weight": 1.8387994104996324,
    "model.layers.4.mlp.down_proj.weight": 1.465212064795196,
    "model.layers.4.input_layernorm.weight": 0.007678609161303029,
    "model.layers.4.post_attention_layernorm.weight": 0.01135543691998464,
    "model.layers.5.self_attn.q_proj.weight": 0.12639157002558932,
    "model.layers.5.self_attn.k_proj.weight": 0.3157612938666716,
    "model.layers.5.self_attn.v_proj.weight": 0.4522471388336271,
    "model.layers.5.self_attn.o_proj.weight": 0.4514082708628848,
    "model.layers.5.mlp.gate_proj.weight": 0.9536221041344106,
    "model.layers.5.mlp.up_proj.weight": 1.8386636385694146,
    "model.layers.5.mlp.down_proj.weight": 1.0657779162283987,
    "model.layers.5.input_layernorm.weight": 0.0068918650704290485,
    "model.layers.5.post_attention_layernorm.weight": 0.003574388089873537,
    "model.layers.6.self_attn.q_proj.weight": 0.09465039925999008,
    "model.layers.6.self_attn.k_proj.weight": 0.22066542130778544,
    "model.layers.6.self_attn.v_proj.weight": 0.6498634433373809,
    "model.layers.6.self_attn.o_proj.weight": 0.2815790973836556,
    "model.layers.6.mlp.gate_proj.weight": 0.9022397103253752,
    "model.layers.6.mlp.up_proj.weight": 1.2215120983310044,
    "model.layers.6.mlp.down_proj.weight": 1.2860261257737875,
    "model.layers.6.input_layernorm.weight": 0.006470706840445928,
    "model.layers.6.post_attention_layernorm.weight": 0.01634995512358728,
    "model.layers.7.self_attn.q_proj.weight": 0.07131810521241277,
    "model.layers.7.self_attn.k_proj.weight": 0.1106251205492299,
    "model.layers.7.self_attn.v_proj.weight": 0.6511299591511488,
    "model.layers.7.self_attn.o_proj.weight": 0.5197497764602304,
    "model.layers.7.mlp.gate_proj.weight": 0.8699772623367608,
    "model.layers.7.mlp.up_proj.weight": 1.0652701060753316,
    "model.layers.7.mlp.down_proj.weight": 1.1881352784112096,
    "model.layers.7.input_layernorm.weight": 0.006525960350700188,
    "model.layers.7.post_attention_layernorm.weight": 0.018146796752262162,
    "model.layers.8.self_attn.q_proj.weight": 0.1292828497244045,
    "model.layers.8.self_attn.k_proj.weight": 0.217307286511641,
    "model.layers.8.self_attn.v_proj.weight": 0.47406727680936456,
    "model.layers.8.self_attn.o_proj.weight": 0.4290953812887892,
    "model.layers.8.mlp.gate_proj.weight": 0.8211469256784767,
    "model.layers.8.mlp.up_proj.weight": 1.0346667366102338,
    "model.layers.8.mlp.down_proj.weight": 1.1696855127811432,
    "model.layers.8.input_layernorm.weight": 0.0046449262654277845,
    "model.layers.8.post_attention_layernorm.weight": 0.01505397334403824,
    "model.layers.9.self_attn.q_proj.weight": 0.1511026420048438,
    "model.layers.9.self_attn.k_proj.weight": 0.3409153241664171,
    "model.layers.9.self_attn.v_proj.weight": 0.4182098078308627,
    "model.layers.9.self_attn.o_proj.weight": 0.5350605010753497,
    "model.layers.9.mlp.gate_proj.weight": 0.787389402743429,
    "model.layers.9.mlp.up_proj.weight": 0.8998247552663088,
    "model.layers.9.mlp.down_proj.weight": 1.0484063883777708,
    "model.layers.9.input_layernorm.weight": 0.004712353882496245,
    "model.layers.9.post_attention_layernorm.weight": 0.0155323701837915,
    "model.layers.10.self_attn.q_proj.weight": 0.1494386542472057,
    "model.layers.10.self_attn.k_proj.weight": 0.22359872492961586,
    "model.layers.10.self_attn.v_proj.weight": 0.5159329893067479,
    "model.layers.10.self_attn.o_proj.weight": 0.759511886164546,
    "model.layers.10.mlp.gate_proj.weight": 0.7523506376892328,
    "model.layers.10.mlp.up_proj.weight": 0.8918182528577745,
    "model.layers.10.mlp.down_proj.weight": 1.0168541867751628,
    "model.layers.10.input_layernorm.weight": 0.0048876973287406145,
    "model.layers.10.post_attention_layernorm.weight": 0.01983082008518977,
    "model.layers.11.self_attn.q_proj.weight": 0.18899324297672138,
    "model.layers.11.self_attn.k_proj.weight": 0.48186280159279704,
    "model.layers.11.self_attn.v_proj.weight": 0.7021679910831153,
    "model.layers.11.self_attn.o_proj.weight": 0.7509775150101632,
    "model.layers.11.mlp.gate_proj.weight": 0.7500829375348985,
    "model.layers.11.mlp.up_proj.weight": 0.9398711766116321,
    "model.layers.11.mlp.down_proj.weight": 1.0154620418325067,
    "model.layers.11.input_layernorm.weight": 0.007721234938799171,
    "model.layers.11.post_attention_layernorm.weight": 0.022303919919067994,
    "model.layers.12.self_attn.q_proj.weight": 0.15016548184212297,
    "model.layers.12.self_attn.k_proj.weight": 0.21595105523010716,
    "model.layers.12.self_attn.v_proj.weight": 0.41171408991795033,
    "model.layers.12.self_attn.o_proj.weight": 0.4946513978065923,
    "model.layers.12.mlp.gate_proj.weight": 0.7164924405515194,
    "model.layers.12.mlp.up_proj.weight": 0.8643463624175638,
    "model.layers.12.mlp.down_proj.weight": 0.9106733705848455,
    "model.layers.12.input_layernorm.weight": 0.003882643724864465,
    "model.layers.12.post_attention_layernorm.weight": 0.01558211539304466,
    "model.layers.13.self_attn.q_proj.weight": 0.12576163522317074,
    "model.layers.13.self_attn.k_proj.weight": 0.3779943357803859,