{
  "model.embed_tokens.weight": 0.09234747505979612,
  "model.layers.0.self_attn.q_proj.weight": 0.006212386076185794,
  "model.layers.0.self_attn.k_proj.weight": 0.03785240409524704,
  "model.layers.0.self_attn.v_proj.weight": 24.656177155673504,
  "model.layers.0.self_attn.o_proj.weight": 0.3520200093189487,
  "model.layers.0.mlp.gate_proj.weight": 0.007069267133374524,
  "model.layers.0.mlp.up_proj.weight": 0.007253898160342942,
  "model.layers.0.mlp.down_proj.weight": 0.012569842943776166,
  "model.layers.0.input_layernorm.weight": 49.155611611902714,
  "model.layers.0.post_attention_layernorm.weight": 6.962207417236641,
  "model.layers.1.self_attn.q_proj.weight": 0.0009924649354502435,
  "model.layers.1.self_attn.k_proj.weight": 0.008172743083378009,
  "model.layers.1.self_attn.v_proj.weight": 0.5948782052437309,
  "model.layers.1.self_attn.o_proj.weight": 0.045589389690576354,
  "model.layers.1.mlp.gate_proj.weight": 0.02828455025337462,
  "model.layers.1.mlp.up_proj.weight": 0.042663124801038066,
  "model.layers.1.mlp.down_proj.weight": 0.0246813113681128,
  "model.layers.1.input_layernorm.weight": 2.3223396856337786,
  "model.layers.1.post_attention_layernorm.weight": 0.3420079178758897,
  "model.layers.2.self_attn.q_proj.weight": 0.0027482604360784535,
  "model.layers.2.self_attn.k_proj.weight": 0.03453876083040086,
  "model.layers.2.self_attn.v_proj.weight": 0.2634676644083811,
  "model.layers.2.self_attn.o_proj.weight": 0.020881841559457825,
  "model.layers.2.mlp.gate_proj.weight": 0.012338202657701913,
  "model.layers.2.mlp.up_proj.weight": 0.023089692358553293,
  "model.layers.2.mlp.down_proj.weight": 0.053869260591454804,
  "model.layers.2.input_layernorm.weight": 0.5861597490438726,
  "model.layers.2.post_attention_layernorm.weight": 0.41795708090648986,
  "model.layers.3.self_attn.q_proj.weight": 0.003997057617425526,
  "model.layers.3.self_attn.k_proj.weight": 0.07634564079125994,
  "model.layers.3.self_attn.v_proj.weight": 0.2906846477999352,
  "model.layers.3.self_attn.o_proj.weight": 0.02234804734325735,
  "model.layers.3.mlp.gate_proj.weight": 0.009492982248502813,
  "model.layers.3.mlp.up_proj.weight": 0.019862277260472183,
  "model.layers.3.mlp.down_proj.weight": 0.009459345948016562,
  "model.layers.3.input_layernorm.weight": 0.9990251873387024,
  "model.layers.3.post_attention_layernorm.weight": 0.4215170537936501,
  "model.layers.4.self_attn.q_proj.weight": 0.0031989763156161644,
  "model.layers.4.self_attn.k_proj.weight": 0.05222602681897115,
  "model.layers.4.self_attn.v_proj.weight": 0.1688643964298535,
  "model.layers.4.self_attn.o_proj.weight": 0.017249834377253137,
  "model.layers.4.mlp.gate_proj.weight": 0.0069043244116073765,
  "model.layers.4.mlp.up_proj.weight": 0.01323169729221263,
  "model.layers.4.mlp.down_proj.weight": 0.008349887562872027,
  "model.layers.4.input_layernorm.weight": 0.7248726670513861,
  "model.layers.4.post_attention_layernorm.weight": 0.7919567438075319,
  "model.layers.5.self_attn.q_proj.weight": 0.004557811153745206,
  "model.layers.5.self_attn.k_proj.weight": 0.07505481691623572,
  "model.layers.5.self_attn.v_proj.weight": 0.12853352323872969,
  "model.layers.5.self_attn.o_proj.weight": 0.01656462939172343,
  "model.layers.5.mlp.gate_proj.weight": 0.008609270076249231,
  "model.layers.5.mlp.up_proj.weight": 0.013112666232700576,
  "model.layers.5.mlp.down_proj.weight": 0.00680776012586648,
  "model.layers.5.input_layernorm.weight": 0.48167041575652547,
  "model.layers.5.post_attention_layernorm.weight": 0.267875049758004,
  "model.layers.6.self_attn.q_proj.weight": 0.002846161207003206,
  "model.layers.6.self_attn.k_proj.weight": 0.049954174913182214,
  "model.layers.6.self_attn.v_proj.weight": 0.13393434185127262,
  "model.layers.6.self_attn.o_proj.weight": 0.009661827723448368,
  "model.layers.6.mlp.gate_proj.weight": 0.004296709763821127,
  "model.layers.6.mlp.up_proj.weight": 0.00622612931238109,
  "model.layers.6.mlp.down_proj.weight": 0.005352252989268891,
  "model.layers.6.input_layernorm.weight": 0.3099013059400022,
  "model.layers.6.post_attention_layernorm.weight": 0.7007510523544624,
  "model.layers.7.self_attn.q_proj.weight": 0.0019178786922680047,
  "model.layers.7.self_attn.k_proj.weight": 0.021038542850874364,
  "model.layers.7.self_attn.v_proj.weight": 0.11718257895699935,
  "model.layers.7.self_attn.o_proj.weight": 0.014324877496619592,
  "model.layers.7.mlp.gate_proj.weight": 0.00369777481409983,
  "model.layers.7.mlp.up_proj.weight": 0.005068322330544106,
  "model.layers.7.mlp.down_proj.weight": 0.004793012139316488,
  "model.layers.7.input_layernorm.weight": 0.3178036228637211,
  "model.layers.7.post_attention_layernorm.weight": 0.7232006374397315,
  "model.layers.8.self_attn.q_proj.weight": 0.0028728600397016635,
  "model.layers.8.self_attn.k_proj.weight": 0.03214508116434445,
  "model.layers.8.self_attn.v_proj.weight": 0.07193666372768348,
  "model.layers.8.self_attn.o_proj.weight": 0.011149018338528549,
  "model.layers.8.mlp.gate_proj.weight": 0.0032895529122924927,
  "model.layers.8.mlp.up_proj.weight": 0.004482013894403281,
  "model.layers.8.mlp.down_proj.weight": 0.00438363477655912,
  "model.layers.8.input_layernorm.weight": 0.18415696729789488,
  "model.layers.8.post_attention_layernorm.weight": 0.5246715813409537,
  "model.layers.9.self_attn.q_proj.weight": 0.003732712919486403,
  "model.layers.9.self_attn.k_proj.weight": 0.04935821072285762,
  "model.layers.9.self_attn.v_proj.weight": 0.06294389964386937,
  "model.layers.9.self_attn.o_proj.weight": 0.014013831344982464,
  "model.layers.9.mlp.gate_proj.weight": 0.0029564696931174694,
  "model.layers.9.mlp.up_proj.weight": 0.0038232005410918646,
  "model.layers.9.mlp.down_proj.weight": 0.0034922225689797415,
  "model.layers.9.input_layernorm.weight": 0.1778369834573823,
  "model.layers.9.post_attention_layernorm.weight": 0.5197437153838109,
  "model.layers.10.self_attn.q_proj.weight": 0.00253522112865312,
  "model.layers.10.self_attn.k_proj.weight": 0.027665030524076428,
  "model.layers.10.self_attn.v_proj.weight": 0.07245859854083392,
  "model.layers.10.self_attn.o_proj.weight": 0.016771911006344453,
  "model.layers.10.mlp.gate_proj.weight": 0.0024772808942543634,
  "model.layers.10.mlp.up_proj.weight": 0.0031763349940092667,
  "model.layers.10.mlp.down_proj.weight": 0.0029763012912553677,
  "model.layers.10.input_layernorm.weight": 0.18186351055192063,
  "model.layers.10.post_attention_layernorm.weight": 0.4608934333664365,
  "model.layers.11.self_attn.q_proj.weight": 0.002717247931343536,
  "model.layers.11.self_attn.k_proj.weight": 0.03410705192891328,
  "model.layers.11.self_attn.v_proj.weight": 0.0898608019160747,
  "model.layers.11.self_attn.o_proj.weight": 0.018021878015133552,
  "model.layers.11.mlp.gate_proj.weight": 0.0021655539338780727,
  "model.layers.11.mlp.up_proj.weight": 0.002964657909046764,
  "model.layers.11.mlp.down_proj.weight": 0.00285727309790218,
  "model.layers.11.input_layernorm.weight": 0.18114419686753536,
  "model.layers.11.post_attention_layernorm.weight": 0.509078344271984,
  "model.layers.12.self_attn.q_proj.weight": 0.002724826512292111,
  "model.layers.12.self_attn.k_proj.weight": 0.023012774549442838,
  "model.layers.12.self_attn.v_proj.weight": 0.04210718713875394,
  "model.layers.12.self_attn.o_proj.weight": 0.009968449673579016,
  "model.layers.12.mlp.gate_proj.weight": 0.0019237899611539433,
  "model.layers.12.mlp.up_proj.weight": 0.002635175392470046,
  "model.layers.12.mlp.down_proj.weight": 0.0024178331410666942,
  "model.layers.12.input_layernorm.weight": 0.1135077613635076,
  "model.layers.12.post_attention_layernorm.weight": 0.4127172838052502,
  "model.layers.13.self_attn.q_proj.weight": 0.0021723801816619925,
  "model.layers.13.self_attn.k_proj.weight": 0.036810178269661264,
  "model.layers.13.self_attn.v_proj.weight": 0.06807059660786763,
  "model.layers.13.self_attn.o_proj.weight": 0.014829963084594056,