{
  "model.embed_tokens.weight": 0.012556611012769281,
  "model.layers.0.self_attn.q_proj.weight": 0.0008847966172425004,
  "model.layers.0.self_attn.k_proj.weight": 0.00590092690936217,
  "model.layers.0.self_attn.v_proj.weight": 2.5027366105932742,
  "model.layers.0.self_attn.o_proj.weight": 0.05035762407351285,
  "model.layers.0.mlp.gate_proj.weight": 0.0010018352170391154,
  "model.layers.0.mlp.up_proj.weight": 0.0012091678356682678,
  "model.layers.0.mlp.down_proj.weight": 0.002730388207055512,
  "model.layers.0.input_layernorm.weight": 5.531715430319309,
  "model.layers.0.post_attention_layernorm.weight": 0.9394343509338796,
  "model.layers.1.self_attn.q_proj.weight": 0.00027141032822441957,
  "model.layers.1.self_attn.k_proj.weight": 0.0018765725556022517,
  "model.layers.1.self_attn.v_proj.weight": 0.0927888052246999,
  "model.layers.1.self_attn.o_proj.weight": 0.008465100471767073,
  "model.layers.1.mlp.gate_proj.weight": 0.0052380480315150635,
  "model.layers.1.mlp.up_proj.weight": 0.00686773504003213,
  "model.layers.1.mlp.down_proj.weight": 0.022562314796232386,
  "model.layers.1.input_layernorm.weight": 0.4250700807897374,
  "model.layers.1.post_attention_layernorm.weight": 0.06222946647903882,
  "model.layers.2.self_attn.q_proj.weight": 0.0009100809646724883,
  "model.layers.2.self_attn.k_proj.weight": 0.010829103279320407,
  "model.layers.2.self_attn.v_proj.weight": 0.04424699268565746,
  "model.layers.2.self_attn.o_proj.weight": 0.004862689002038678,
  "model.layers.2.mlp.gate_proj.weight": 0.002630383878113207,
  "model.layers.2.mlp.up_proj.weight": 0.004667399950903928,
  "model.layers.2.mlp.down_proj.weight": 0.019204417319997447,
  "model.layers.2.input_layernorm.weight": 0.15884234522673069,
  "model.layers.2.post_attention_layernorm.weight": 0.08354024901200319,
  "model.layers.3.self_attn.q_proj.weight": 0.001527195928247238,
  "model.layers.3.self_attn.k_proj.weight": 0.02205563413554046,
  "model.layers.3.self_attn.v_proj.weight": 0.06089204474847065,
  "model.layers.3.self_attn.o_proj.weight": 0.006393411018507322,
  "model.layers.3.mlp.gate_proj.weight": 0.002453353401961067,
  "model.layers.3.mlp.up_proj.weight": 0.00497961553537607,
  "model.layers.3.mlp.down_proj.weight": 0.002814297728036763,
  "model.layers.3.input_layernorm.weight": 0.2210685350582935,
  "model.layers.3.post_attention_layernorm.weight": 0.09537087257194798,
  "model.layers.4.self_attn.q_proj.weight": 0.0012721863355409369,
  "model.layers.4.self_attn.k_proj.weight": 0.01649622097829706,
  "model.layers.4.self_attn.v_proj.weight": 0.046632262725324836,
  "model.layers.4.self_attn.o_proj.weight": 0.005442299385777005,
  "model.layers.4.mlp.gate_proj.weight": 0.002809803935178934,
  "model.layers.4.mlp.up_proj.weight": 0.005049376329225197,
  "model.layers.4.mlp.down_proj.weight": 0.0038775367715970788,
  "model.layers.4.input_layernorm.weight": 0.1820693611371098,
  "model.layers.4.post_attention_layernorm.weight": 0.2750942542043049,
  "model.layers.5.self_attn.q_proj.weight": 0.0020326189066963707,
  "model.layers.5.self_attn.k_proj.weight": 0.02995313897190499,
  "model.layers.5.self_attn.v_proj.weight": 0.04345446504157735,
  "model.layers.5.self_attn.o_proj.weight": 0.007134277186196414,
  "model.layers.5.mlp.gate_proj.weight": 0.0026414544802264572,
  "model.layers.5.mlp.up_proj.weight": 0.004899033584933932,
  "model.layers.5.mlp.down_proj.weight": 0.0028260692779440433,
  "model.layers.5.input_layernorm.weight": 0.16301011302130064,
  "model.layers.5.post_attention_layernorm.weight": 0.08824986631952925,
  "model.layers.6.self_attn.q_proj.weight": 0.0014363176430833846,
  "model.layers.6.self_attn.k_proj.weight": 0.020745663074194454,
  "model.layers.6.self_attn.v_proj.weight": 0.06026455362007255,
  "model.layers.6.self_attn.o_proj.weight": 0.004385926048144029,
  "model.layers.6.mlp.gate_proj.weight": 0.002387496732353611,
  "model.layers.6.mlp.up_proj.weight": 0.003246346714149695,
  "model.layers.6.mlp.down_proj.weight": 0.003417375452499982,
  "model.layers.6.input_layernorm.weight": 0.15013494658342097,
  "model.layers.6.post_attention_layernorm.weight": 0.38384234748082235,
  "model.layers.7.self_attn.q_proj.weight": 0.0011330759957672853,
  "model.layers.7.self_attn.k_proj.weight": 0.011225886426473153,
  "model.layers.7.self_attn.v_proj.weight": 0.061317881365539506,
  "model.layers.7.self_attn.o_proj.weight": 0.008154375295816862,
  "model.layers.7.mlp.gate_proj.weight": 0.002313482375939202,
  "model.layers.7.mlp.up_proj.weight": 0.0028520042637865117,
  "model.layers.7.mlp.down_proj.weight": 0.003166530216276442,
  "model.layers.7.input_layernorm.weight": 0.1658333330124151,
  "model.layers.7.post_attention_layernorm.weight": 0.4304694263264537,
  "model.layers.8.self_attn.q_proj.weight": 0.0019775048683641216,
  "model.layers.8.self_attn.k_proj.weight": 0.019698603100550827,
  "model.layers.8.self_attn.v_proj.weight": 0.04431766227935441,
  "model.layers.8.self_attn.o_proj.weight": 0.00675231714376423,
  "model.layers.8.mlp.gate_proj.weight": 0.0021962292635180347,
  "model.layers.8.mlp.up_proj.weight": 0.0027756927274822374,
  "model.layers.8.mlp.down_proj.weight": 0.003151865583276958,
  "model.layers.8.input_layernorm.weight": 0.1071824947866844,
  "model.layers.8.post_attention_layernorm.weight": 0.3622901230119169,
  "model.layers.9.self_attn.q_proj.weight": 0.0024189570510770864,
  "model.layers.9.self_attn.k_proj.weight": 0.03338926569267642,
  "model.layers.9.self_attn.v_proj.weight": 0.03907215110666584,
  "model.layers.9.self_attn.o_proj.weight": 0.008442603673756821,
  "model.layers.9.mlp.gate_proj.weight": 0.002115902185551022,
  "model.layers.9.mlp.up_proj.weight": 0.0024288067811539804,
  "model.layers.9.mlp.down_proj.weight": 0.0028170804021101503,
  "model.layers.9.input_layernorm.weight": 0.12165018201631028,
  "model.layers.9.post_attention_layernorm.weight": 0.37222662128624506,
  "model.layers.10.self_attn.q_proj.weight": 0.002363971145996402,
  "model.layers.10.self_attn.k_proj.weight": 0.02186628317940631,
  "model.layers.10.self_attn.v_proj.weight": 0.04907252518023597,
  "model.layers.10.self_attn.o_proj.weight": 0.012120112669435912,
  "model.layers.10.mlp.gate_proj.weight": 0.002013424775668682,
  "model.layers.10.mlp.up_proj.weight": 0.0023929266285449557,
  "model.layers.10.mlp.down_proj.weight": 0.002749754482010758,
  "model.layers.10.input_layernorm.weight": 0.11599671866861172,
  "model.layers.10.post_attention_layernorm.weight": 0.49191425659228116,
  "model.layers.11.self_attn.q_proj.weight": 0.002918472687724716,
  "model.layers.11.self_attn.k_proj.weight": 0.045644043802894885,
  "model.layers.11.self_attn.v_proj.weight": 0.06548867618403165,
  "model.layers.11.self_attn.o_proj.weight": 0.011969330502324738,
  "model.layers.11.mlp.gate_proj.weight": 0.002010334580518247,
  "model.layers.11.mlp.up_proj.weight": 0.0025415437785341055,
  "model.layers.11.mlp.down_proj.weight": 0.0027480157300487917,
  "model.layers.11.input_layernorm.weight": 0.185562105209101,
  "model.layers.11.post_attention_layernorm.weight": 0.5359154651523568,
  "model.layers.12.self_attn.q_proj.weight": 0.002372701179183423,
  "model.layers.12.self_attn.k_proj.weight": 0.020520053874861333,
  "model.layers.12.self_attn.v_proj.weight": 0.03894726497674128,
  "model.layers.12.self_attn.o_proj.weight": 0.007858096359996125,
  "model.layers.12.mlp.gate_proj.weight": 0.0019212978015730187,
  "model.layers.12.mlp.up_proj.weight": 0.0023286208624995197,
  "model.layers.12.mlp.down_proj.weight": 0.0024553728449063783,
  "model.layers.12.input_layernorm.weight": 0.09199951621121727,
  "model.layers.12.post_attention_layernorm.weight": 0.3820229141274467,
  "model.layers.13.self_attn.q_proj.weight": 0.002041049955323615,
  "model.layers.13.self_attn.k_proj.weight": 0.03575505015760427,
  "model.layers.13.self_attn.v_proj.weight": 0.05104225801915163,
  "model.layers.13.self_attn.o_proj.weight": 0.011235952459173859,