{
  "model.embed_tokens.weight": 107.55379602313042,
  "model.layers.0.self_attn.q_proj.weight": 0.060781048705393914,
  "model.layers.0.self_attn.k_proj.weight": 0.0989057496553869,
  "model.layers.0.self_attn.v_proj.weight": 32.1305969171226,
  "model.layers.0.self_attn.o_proj.weight": 6.273918599355966,
  "model.layers.0.mlp.gate_proj.weight": 2.5004443366779014,
  "model.layers.0.mlp.up_proj.weight": 3.3852028630208224,
  "model.layers.0.mlp.down_proj.weight": 22.01833175495267,
  "model.layers.0.input_layernorm.weight": 0.22367601928272052,
  "model.layers.0.post_attention_layernorm.weight": 0.11913580712280236,
  "model.layers.1.self_attn.q_proj.weight": 0.5134823090629652,
  "model.layers.1.self_attn.k_proj.weight": 0.34725144297408406,
  "model.layers.1.self_attn.v_proj.weight": 22.302316173911095,
  "model.layers.1.self_attn.o_proj.weight": 5.287523831240833,
  "model.layers.1.mlp.gate_proj.weight": 2.5587105884915218,
  "model.layers.1.mlp.up_proj.weight": 3.626300781266764,
  "model.layers.1.mlp.down_proj.weight": 859.5932970643044,
  "model.layers.1.input_layernorm.weight": 0.07541241129365517,
  "model.layers.1.post_attention_layernorm.weight": 0.14758149470435455,
  "model.layers.2.self_attn.q_proj.weight": 1.35464741877513,
  "model.layers.2.self_attn.k_proj.weight": 0.8589531938778237,
  "model.layers.2.self_attn.v_proj.weight": 16.59577438980341,
  "model.layers.2.self_attn.o_proj.weight": 4.5353150512091815,
  "model.layers.2.mlp.gate_proj.weight": 2.971893035573885,
  "model.layers.2.mlp.up_proj.weight": 4.368761161342263,
  "model.layers.2.mlp.down_proj.weight": 6.853484559804201,
  "model.layers.2.input_layernorm.weight": 0.15039740829524817,
  "model.layers.2.post_attention_layernorm.weight": 0.08059406752727227,
  "model.layers.3.self_attn.q_proj.weight": 1.1900186482234858,
  "model.layers.3.self_attn.k_proj.weight": 0.6071447836002335,
  "model.layers.3.self_attn.v_proj.weight": 12.925324958749115,
  "model.layers.3.self_attn.o_proj.weight": 5.226150549016893,
  "model.layers.3.mlp.gate_proj.weight": 3.044920556480065,
  "model.layers.3.mlp.up_proj.weight": 5.488383266143501,
  "model.layers.3.mlp.down_proj.weight": 7.124254202935845,
  "model.layers.3.input_layernorm.weight": 0.42435348079015967,
  "model.layers.3.post_attention_layernorm.weight": 0.073970941339212,
  "model.layers.4.self_attn.q_proj.weight": 1.2041641641408205,
  "model.layers.4.self_attn.k_proj.weight": 0.5699034467688762,
  "model.layers.4.self_attn.v_proj.weight": 9.956091111525893,
  "model.layers.4.self_attn.o_proj.weight": 4.437664108816534,
  "model.layers.4.mlp.gate_proj.weight": 3.0042523390147835,
  "model.layers.4.mlp.up_proj.weight": 7.273920712061226,
  "model.layers.4.mlp.down_proj.weight": 8.480626238510013,
  "model.layers.4.input_layernorm.weight": 0.26072718851355603,
  "model.layers.4.post_attention_layernorm.weight": 0.08092986982228467,
  "model.layers.5.self_attn.q_proj.weight": 1.0669947908609174,
  "model.layers.5.self_attn.k_proj.weight": 0.4797066754545085,
  "model.layers.5.self_attn.v_proj.weight": 11.53824146091938,
  "model.layers.5.self_attn.o_proj.weight": 6.448938205372542,
  "model.layers.5.mlp.gate_proj.weight": 3.4712347278837115,
  "model.layers.5.mlp.up_proj.weight": 7.4306895337067544,
  "model.layers.5.mlp.down_proj.weight": 9.214281922206283,
  "model.layers.5.input_layernorm.weight": 0.24086468066161615,
  "model.layers.5.post_attention_layernorm.weight": 0.07169123920903075,
  "model.layers.6.self_attn.q_proj.weight": 1.1922543805558234,
  "model.layers.6.self_attn.k_proj.weight": 0.5572632806724869,
  "model.layers.6.self_attn.v_proj.weight": 9.535431534983218,
  "model.layers.6.self_attn.o_proj.weight": 7.059293292462826,
  "model.layers.6.mlp.gate_proj.weight": 3.7061441687401384,
  "model.layers.6.mlp.up_proj.weight": 8.553802210837603,
  "model.layers.6.mlp.down_proj.weight": 9.955142363905907,
  "model.layers.6.input_layernorm.weight": 0.20209309638994455,
  "model.layers.6.post_attention_layernorm.weight": 0.07212210326542845,
  "model.layers.7.self_attn.q_proj.weight": 1.3499490952817723,
  "model.layers.7.self_attn.k_proj.weight": 0.4933392099919729,
  "model.layers.7.self_attn.v_proj.weight": 9.098372551612556,
  "model.layers.7.self_attn.o_proj.weight": 9.156441118568182,
  "model.layers.7.mlp.gate_proj.weight": 4.069468649569899,
  "model.layers.7.mlp.up_proj.weight": 7.38741366751492,
  "model.layers.7.mlp.down_proj.weight": 9.19106821436435,
  "model.layers.7.input_layernorm.weight": 0.17820085731636937,
  "model.layers.7.post_attention_layernorm.weight": 0.06805645770509727,
  "model.layers.8.self_attn.q_proj.weight": 1.3660589782521129,
  "model.layers.8.self_attn.k_proj.weight": 0.4544004706549458,
  "model.layers.8.self_attn.v_proj.weight": 9.187424681149423,
  "model.layers.8.self_attn.o_proj.weight": 10.606630317866802,
  "model.layers.8.mlp.gate_proj.weight": 3.921509239822626,
  "model.layers.8.mlp.up_proj.weight": 7.54836755618453,
  "model.layers.8.mlp.down_proj.weight": 9.383055119775236,
  "model.layers.8.input_layernorm.weight": 0.07114304341484967,
  "model.layers.8.post_attention_layernorm.weight": 0.06032430737832328,
  "model.layers.9.self_attn.q_proj.weight": 1.3715988056501374,
  "model.layers.9.self_attn.k_proj.weight": 0.4442909998469986,
  "model.layers.9.self_attn.v_proj.weight": 10.986472585238516,
  "model.layers.9.self_attn.o_proj.weight": 11.219538068398833,
  "model.layers.9.mlp.gate_proj.weight": 3.8810485410504043,
  "model.layers.9.mlp.up_proj.weight": 7.369072610512376,
  "model.layers.9.mlp.down_proj.weight": 9.303834130987525,
  "model.layers.9.input_layernorm.weight": 0.06762991510731808,
  "model.layers.9.post_attention_layernorm.weight": 0.06355745480686892,
  "model.layers.10.self_attn.q_proj.weight": 1.3801599411526695,
  "model.layers.10.self_attn.k_proj.weight": 0.40770194507786073,
  "model.layers.10.self_attn.v_proj.weight": 9.617349988780916,
  "model.layers.10.self_attn.o_proj.weight": 12.084732624702156,
  "model.layers.10.mlp.gate_proj.weight": 4.206536226440221,
  "model.layers.10.mlp.up_proj.weight": 7.158550623804331,
  "model.layers.10.mlp.down_proj.weight": 8.589847921393812,
  "model.layers.10.input_layernorm.weight": 0.0609018199302227,
  "model.layers.10.post_attention_layernorm.weight": 0.05966315700788982,
  "model.layers.11.self_attn.q_proj.weight": 1.5047482919180766,
  "model.layers.11.self_attn.k_proj.weight": 0.6455815400113352,
  "model.layers.11.self_attn.v_proj.weight": 8.550403074361384,
  "model.layers.11.self_attn.o_proj.weight": 9.586627677083015,
  "model.layers.11.mlp.gate_proj.weight": 4.628595041576773,
  "model.layers.11.mlp.up_proj.weight": 7.195903723593801,
  "model.layers.11.mlp.down_proj.weight": 8.217676504515111,
  "model.layers.11.input_layernorm.weight": 0.05378084336189204,
  "model.layers.11.post_attention_layernorm.weight": 0.06552237563300878,
  "model.layers.12.self_attn.q_proj.weight": 1.4082120634848252,
  "model.layers.12.self_attn.k_proj.weight": 0.43524844289640896,
  "model.layers.12.self_attn.v_proj.weight": 11.61333394702524,
  "model.layers.12.self_attn.o_proj.weight": 11.499446033500135,
  "model.layers.12.mlp.gate_proj.weight": 4.435864277649671,
  "model.layers.12.mlp.up_proj.weight": 7.104923027101904,
  "model.layers.12.mlp.down_proj.weight": 8.578825718723238,
  "model.layers.12.input_layernorm.weight": 0.04677612402520026,
  "model.layers.12.post_attention_layernorm.weight": 0.060617614806687925,
  "model.layers.13.self_attn.q_proj.weight": 2.2169737520162016,
  "model.layers.13.self_attn.k_proj.weight": 0.5829377913032658,
  "model.layers.13.self_attn.v_proj.weight": 10.186135326512158,
  "model.layers.13.self_attn.o_proj.weight": 11.370034622959793,
  "model.layers.13.mlp.gate_proj.weight": 4.5454913498833776,
  "model.layers.13.mlp.up_proj.weight": 7.701831656508148,
  "model.layers.13.mlp.down_proj.weight": 8.991579330526292,
  "model.layers.13.input_layernorm.weight": 0.03568707567137608,