{
  "model.embed_tokens.weight": 2.6213866641202353e-07,
  "model.layers.0.self_attn.q_proj.weight": 7.563434070403636e-09,
  "model.layers.0.self_attn.k_proj.weight": 4.3514519783756825e-08,
  "model.layers.0.self_attn.v_proj.weight": 1.1154242803475727e-05,
  "model.layers.0.self_attn.o_proj.weight": 7.196364399201607e-07,
  "model.layers.0.mlp.gate_proj.weight": 1.0163639354206687e-07,
  "model.layers.0.mlp.up_proj.weight": 1.3902760280052698e-07,
  "model.layers.0.mlp.down_proj.weight": 9.033529124735651e-07,
  "model.layers.0.input_layernorm.weight": 7.690845474902136e-05,
  "model.layers.0.post_attention_layernorm.weight": 4.010175453572627e-05,
  "model.layers.1.self_attn.q_proj.weight": 8.69850383944381e-08,
  "model.layers.1.self_attn.k_proj.weight": 1.6731016668399443e-07,
  "model.layers.1.self_attn.v_proj.weight": 7.952543751817606e-06,
  "model.layers.1.self_attn.o_proj.weight": 6.395116916024789e-07,
  "model.layers.1.mlp.gate_proj.weight": 1.1883636885645639e-07,
  "model.layers.1.mlp.up_proj.weight": 1.644035475534267e-07,
  "model.layers.1.mlp.down_proj.weight": 3.395030122040528e-05,
  "model.layers.1.input_layernorm.weight": 2.866621417751957e-05,
  "model.layers.1.post_attention_layernorm.weight": 7.120592377418689e-05,
  "model.layers.2.self_attn.q_proj.weight": 2.0083632238746912e-07,
  "model.layers.2.self_attn.k_proj.weight": 4.1211540598625363e-07,
  "model.layers.2.self_attn.v_proj.weight": 6.212308546101516e-06,
  "model.layers.2.self_attn.o_proj.weight": 5.739430779527767e-07,
  "model.layers.2.mlp.gate_proj.weight": 1.234671466177062e-07,
  "model.layers.2.mlp.up_proj.weight": 1.8271887817592855e-07,
  "model.layers.2.mlp.down_proj.weight": 2.8191062713863363e-07,
  "model.layers.2.input_layernorm.weight": 6.142834751443614e-05,
  "model.layers.2.post_attention_layernorm.weight": 2.75668306623326e-05,
  "model.layers.3.self_attn.q_proj.weight": 1.4374025594479337e-07,
  "model.layers.3.self_attn.k_proj.weight": 2.140702834256085e-07,
  "model.layers.3.self_attn.v_proj.weight": 4.261126960614091e-06,
  "model.layers.3.self_attn.o_proj.weight": 5.880363860042176e-07,
  "model.layers.3.mlp.gate_proj.weight": 1.293719360898985e-07,
  "model.layers.3.mlp.up_proj.weight": 2.319038179265931e-07,
  "model.layers.3.mlp.down_proj.weight": 2.946271997483762e-07,
  "model.layers.3.input_layernorm.weight": 0.00014066479136450502,
  "model.layers.3.post_attention_layernorm.weight": 2.641341311004908e-05,
  "model.layers.4.self_attn.q_proj.weight": 1.608125645486464e-07,
  "model.layers.4.self_attn.k_proj.weight": 2.2793493189195616e-07,
  "model.layers.4.self_attn.v_proj.weight": 3.5024521499356833e-06,
  "model.layers.4.self_attn.o_proj.weight": 5.083181486595678e-07,
  "model.layers.4.mlp.gate_proj.weight": 1.2840726885491688e-07,
  "model.layers.4.mlp.up_proj.weight": 3.083218736617729e-07,
  "model.layers.4.mlp.down_proj.weight": 3.504142235636701e-07,
  "model.layers.4.input_layernorm.weight": 0.00010486886656953707,
  "model.layers.4.post_attention_layernorm.weight": 2.9228259942707755e-05,
  "model.layers.5.self_attn.q_proj.weight": 1.1835396625710834e-07,
  "model.layers.5.self_attn.k_proj.weight": 1.6710435198537734e-07,
  "model.layers.5.self_attn.v_proj.weight": 4.057630295761783e-06,
  "model.layers.5.self_attn.o_proj.weight": 7.168462082694935e-07,
  "model.layers.5.mlp.gate_proj.weight": 1.43469140715761e-07,
  "model.layers.5.mlp.up_proj.weight": 3.078844592607765e-07,
  "model.layers.5.mlp.down_proj.weight": 3.761529578187132e-07,
  "model.layers.5.input_layernorm.weight": 8.715801431928107e-05,
  "model.layers.5.post_attention_layernorm.weight": 2.4446707660293516e-05,
  "model.layers.6.self_attn.q_proj.weight": 1.317235895667876e-07,
  "model.layers.6.self_attn.k_proj.weight": 1.801710301692813e-07,
  "model.layers.6.self_attn.v_proj.weight": 3.222569738170478e-06,
  "model.layers.6.self_attn.o_proj.weight": 7.84073881574285e-07,
  "model.layers.6.mlp.gate_proj.weight": 1.5157790778097538e-07,
  "model.layers.6.mlp.up_proj.weight": 3.513370795774998e-07,
  "model.layers.6.mlp.down_proj.weight": 4.023768907697919e-07,
  "model.layers.6.input_layernorm.weight": 6.488419632451801e-05,
  "model.layers.6.post_attention_layernorm.weight": 2.4207799526720916e-05,
  "model.layers.7.self_attn.q_proj.weight": 1.4533172640638108e-07,
  "model.layers.7.self_attn.k_proj.weight": 1.6189910523323195e-07,
  "model.layers.7.self_attn.v_proj.weight": 2.9847813938962044e-06,
  "model.layers.7.self_attn.o_proj.weight": 9.87014740556131e-07,
  "model.layers.7.mlp.gate_proj.weight": 1.6553761509700376e-07,
  "model.layers.7.mlp.up_proj.weight": 2.9988740335440417e-07,
  "model.layers.7.mlp.down_proj.weight": 3.6932162172931276e-07,
  "model.layers.7.input_layernorm.weight": 4.419529678164244e-05,
  "model.layers.7.post_attention_layernorm.weight": 2.2823918214953675e-05,
  "model.layers.8.self_attn.q_proj.weight": 1.48348911821472e-07,
  "model.layers.8.self_attn.k_proj.weight": 1.4856165756841708e-07,
  "model.layers.8.self_attn.v_proj.weight": 2.9325212350291468e-06,
  "model.layers.8.self_attn.o_proj.weight": 1.1306124739639424e-06,
  "model.layers.8.mlp.gate_proj.weight": 1.5597265878852795e-07,
  "model.layers.8.mlp.up_proj.weight": 3.017487782604651e-07,
  "model.layers.8.mlp.down_proj.weight": 3.718244007503793e-07,
  "model.layers.8.input_layernorm.weight": 2.644701545998866e-05,
  "model.layers.8.post_attention_layernorm.weight": 1.958792170360843e-05,
  "model.layers.9.self_attn.q_proj.weight": 1.4402304563769047e-07,
  "model.layers.9.self_attn.k_proj.weight": 1.422621541310084e-07,
  "model.layers.9.self_attn.v_proj.weight": 3.456908072981454e-06,
  "model.layers.9.self_attn.o_proj.weight": 1.1737147700172395e-06,
  "model.layers.9.mlp.gate_proj.weight": 1.5477541470687584e-07,
  "model.layers.9.mlp.up_proj.weight": 2.941486599479977e-07,
  "model.layers.9.mlp.down_proj.weight": 3.6359850004904126e-07,
  "model.layers.9.input_layernorm.weight": 2.078132889001457e-05,
  "model.layers.9.post_attention_layernorm.weight": 2.06377215666483e-05,
  "model.layers.10.self_attn.q_proj.weight": 1.413552304343726e-07,
  "model.layers.10.self_attn.k_proj.weight": 1.2713317617170833e-07,
  "model.layers.10.self_attn.v_proj.weight": 3.0462277405736886e-06,
  "model.layers.10.self_attn.o_proj.weight": 1.2698153008096192e-06,
  "model.layers.10.mlp.gate_proj.weight": 1.6486125790452869e-07,
  "model.layers.10.mlp.up_proj.weight": 2.8200528993475393e-07,
  "model.layers.10.mlp.down_proj.weight": 3.362400706012164e-07,
  "model.layers.10.input_layernorm.weight": 1.7740198598422317e-05,
  "model.layers.10.post_attention_layernorm.weight": 1.9572146660114722e-05,
  "model.layers.11.self_attn.q_proj.weight": 1.6320130501333725e-07,
  "model.layers.11.self_attn.k_proj.weight": 2.1277461814683826e-07,
  "model.layers.11.self_attn.v_proj.weight": 2.7030797215369753e-06,
  "model.layers.11.self_attn.o_proj.weight": 1.0140885792332535e-06,
  "model.layers.11.mlp.gate_proj.weight": 1.7933627849409098e-07,
  "model.layers.11.mlp.up_proj.weight": 2.805200177332287e-07,
  "model.layers.11.mlp.down_proj.weight": 3.200499711179341e-07,
  "model.layers.11.input_layernorm.weight": 1.3985602739315562e-05,
  "model.layers.11.post_attention_layernorm.weight": 2.1076255554438227e-05,
  "model.layers.12.self_attn.q_proj.weight": 1.3862535578705132e-07,
  "model.layers.12.self_attn.k_proj.weight": 1.2888906712286521e-07,
  "model.layers.12.self_attn.v_proj.weight": 3.5960063324106755e-06,
  "model.layers.12.self_attn.o_proj.weight": 1.1973977862567151e-06,
  "model.layers.12.mlp.gate_proj.weight": 1.7170346492771196e-07,
  "model.layers.12.mlp.up_proj.weight": 2.755782292733027e-07,
  "model.layers.12.mlp.down_proj.weight": 3.3145651186690844e-07,
  "model.layers.12.input_layernorm.weight": 1.710109226138457e-05,
  "model.layers.12.post_attention_layernorm.weight": 1.9192259136010147e-05,
  "model.layers.13.self_attn.q_proj.weight": 2.3195282326958643e-07,