{
  "model.embed_tokens.weight": 3.843202972760772e-07,
  "model.layers.0.self_attn.q_proj.weight": 1.3048355447057661e-08,
  "model.layers.0.self_attn.k_proj.weight": 9.041221133802382e-08,
  "model.layers.0.self_attn.v_proj.weight": 1.8432436486174694e-05,
  "model.layers.0.self_attn.o_proj.weight": 9.720814756598707e-07,
  "model.layers.0.mlp.gate_proj.weight": 1.4089106809000998e-07,
  "model.layers.0.mlp.up_proj.weight": 1.8298393822391287e-07,
  "model.layers.0.mlp.down_proj.weight": 1.3000300622678649e-06,
  "model.layers.0.input_layernorm.weight": 0.00025491569831122735,
  "model.layers.0.post_attention_layernorm.weight": 5.573788605299037e-05,
  "model.layers.1.self_attn.q_proj.weight": 6.413927099312308e-08,
  "model.layers.1.self_attn.k_proj.weight": 1.2161291351731054e-07,
  "model.layers.1.self_attn.v_proj.weight": 9.507609396071832e-06,
  "model.layers.1.self_attn.o_proj.weight": 6.971190035108699e-07,
  "model.layers.1.mlp.gate_proj.weight": 1.399813176853707e-07,
  "model.layers.1.mlp.up_proj.weight": 1.8693021301234108e-07,
  "model.layers.1.mlp.down_proj.weight": 5.174801998464317e-05,
  "model.layers.1.input_layernorm.weight": 2.935517130235137e-05,
  "model.layers.1.post_attention_layernorm.weight": 6.700917721976418e-05,
  "model.layers.2.self_attn.q_proj.weight": 1.238464860541121e-07,
  "model.layers.2.self_attn.k_proj.weight": 2.234588667437975e-07,
  "model.layers.2.self_attn.v_proj.weight": 6.822487151225688e-06,
  "model.layers.2.self_attn.o_proj.weight": 6.103737760159648e-07,
  "model.layers.2.mlp.gate_proj.weight": 1.6228944762127404e-07,
  "model.layers.2.mlp.up_proj.weight": 2.253087614996947e-07,
  "model.layers.2.mlp.down_proj.weight": 3.648002016021223e-07,
  "model.layers.2.input_layernorm.weight": 6.0684425150725474e-05,
  "model.layers.2.post_attention_layernorm.weight": 3.628235630041369e-05,
  "model.layers.3.self_attn.q_proj.weight": 1.6270072735993478e-07,
  "model.layers.3.self_attn.k_proj.weight": 2.3608565398921164e-07,
  "model.layers.3.self_attn.v_proj.weight": 5.423351592999852e-06,
  "model.layers.3.self_attn.o_proj.weight": 7.139923753464294e-07,
  "model.layers.3.mlp.gate_proj.weight": 1.688977009361992e-07,
  "model.layers.3.mlp.up_proj.weight": 2.6796221064273595e-07,
  "model.layers.3.mlp.down_proj.weight": 3.6266520246167993e-07,
  "model.layers.3.input_layernorm.weight": 0.00016602579037557538,
  "model.layers.3.post_attention_layernorm.weight": 3.0508714483327513e-05,
  "model.layers.4.self_attn.q_proj.weight": 1.4460648979487527e-07,
  "model.layers.4.self_attn.k_proj.weight": 2.0301472021995914e-07,
  "model.layers.4.self_attn.v_proj.weight": 3.977506797999315e-06,
  "model.layers.4.self_attn.o_proj.weight": 5.927161671100599e-07,
  "model.layers.4.mlp.gate_proj.weight": 1.572030932095459e-07,
  "model.layers.4.mlp.up_proj.weight": 3.200143083859074e-07,
  "model.layers.4.mlp.down_proj.weight": 4.054127852685478e-07,
  "model.layers.4.input_layernorm.weight": 0.0001972739377554452,
  "model.layers.4.post_attention_layernorm.weight": 3.161964913071339e-05,
  "model.layers.5.self_attn.q_proj.weight": 1.1543416094599796e-07,
  "model.layers.5.self_attn.k_proj.weight": 1.553237693648531e-07,
  "model.layers.5.self_attn.v_proj.weight": 4.3432030813287765e-06,
  "model.layers.5.self_attn.o_proj.weight": 9.463171325071094e-07,
  "model.layers.5.mlp.gate_proj.weight": 1.76603261459185e-07,
  "model.layers.5.mlp.up_proj.weight": 3.3723712052532084e-07,
  "model.layers.5.mlp.down_proj.weight": 4.408313830269368e-07,
  "model.layers.5.input_layernorm.weight": 5.723081663451997e-05,
  "model.layers.5.post_attention_layernorm.weight": 2.7647133445422394e-05,
  "model.layers.6.self_attn.q_proj.weight": 1.1265736442488281e-07,
  "model.layers.6.self_attn.k_proj.weight": 1.6999743681263738e-07,
  "model.layers.6.self_attn.v_proj.weight": 3.3516456134918843e-06,
  "model.layers.6.self_attn.o_proj.weight": 8.334339851343326e-07,
  "model.layers.6.mlp.gate_proj.weight": 1.8439203737970664e-07,
  "model.layers.6.mlp.up_proj.weight": 3.621063290696707e-07,
  "model.layers.6.mlp.down_proj.weight": 4.626317193038668e-07,
  "model.layers.6.input_layernorm.weight": 9.512385113434145e-05,
  "model.layers.6.post_attention_layernorm.weight": 2.6830550107585324e-05,
  "model.layers.7.self_attn.q_proj.weight": 1.2988772790656353e-07,
  "model.layers.7.self_attn.k_proj.weight": 1.4968160777506514e-07,
  "model.layers.7.self_attn.v_proj.weight": 3.199896745798013e-06,
  "model.layers.7.self_attn.o_proj.weight": 1.1989832151313196e-06,
  "model.layers.7.mlp.gate_proj.weight": 1.9219289648653165e-07,
  "model.layers.7.mlp.up_proj.weight": 3.1372979562386633e-07,
  "model.layers.7.mlp.down_proj.weight": 4.205591244144102e-07,
  "model.layers.7.input_layernorm.weight": 7.330099557378843e-05,
  "model.layers.7.post_attention_layernorm.weight": 2.4814541006890067e-05,
  "model.layers.8.self_attn.q_proj.weight": 1.2879129422197852e-07,
  "model.layers.8.self_attn.k_proj.weight": 1.3771297861323953e-07,
  "model.layers.8.self_attn.v_proj.weight": 3.106175608872758e-06,
  "model.layers.8.self_attn.o_proj.weight": 1.3285138587251463e-06,
  "model.layers.8.mlp.gate_proj.weight": 1.866465980289907e-07,
  "model.layers.8.mlp.up_proj.weight": 3.129816136630363e-07,
  "model.layers.8.mlp.down_proj.weight": 4.183839243202907e-07,
  "model.layers.8.input_layernorm.weight": 1.9705495547602443e-05,
  "model.layers.8.post_attention_layernorm.weight": 2.231853966350172e-05,
  "model.layers.9.self_attn.q_proj.weight": 1.395092186464966e-07,
  "model.layers.9.self_attn.k_proj.weight": 1.4434769823878926e-07,
  "model.layers.9.self_attn.v_proj.weight": 3.7733674188208024e-06,
  "model.layers.9.self_attn.o_proj.weight": 1.360127339940694e-06,
  "model.layers.9.mlp.gate_proj.weight": 1.842573548553143e-07,
  "model.layers.9.mlp.up_proj.weight": 3.064009117537126e-07,
  "model.layers.9.mlp.down_proj.weight": 4.1274672835100985e-07,
  "model.layers.9.input_layernorm.weight": 3.558515758802135e-05,
  "model.layers.9.post_attention_layernorm.weight": 2.3680127673249733e-05,
  "model.layers.10.self_attn.q_proj.weight": 1.2502354435678993e-07,
  "model.layers.10.self_attn.k_proj.weight": 1.1049337352482995e-07,
  "model.layers.10.self_attn.v_proj.weight": 3.281224124407345e-06,
  "model.layers.10.self_attn.o_proj.weight": 1.634817518691989e-06,
  "model.layers.10.mlp.gate_proj.weight": 2.0920166080943636e-07,
  "model.layers.10.mlp.up_proj.weight": 3.2878630173982536e-07,
  "model.layers.10.mlp.down_proj.weight": 4.150095415470883e-07,
  "model.layers.10.input_layernorm.weight": 3.517918957385291e-05,
  "model.layers.10.post_attention_layernorm.weight": 2.399945681948642e-05,
  "model.layers.11.self_attn.q_proj.weight": 1.6285199440820486e-07,
  "model.layers.11.self_attn.k_proj.weight": 2.135843219508438e-07,
  "model.layers.11.self_attn.v_proj.weight": 3.2643755230784178e-06,
  "model.layers.11.self_attn.o_proj.weight": 1.276706921318451e-06,
  "model.layers.11.mlp.gate_proj.weight": 2.3117971581498864e-07,
  "model.layers.11.mlp.up_proj.weight": 3.454760539127004e-07,
  "model.layers.11.mlp.down_proj.weight": 4.1218113019011093e-07,
  "model.layers.11.input_layernorm.weight": 2.4666000848346435e-05,
  "model.layers.11.post_attention_layernorm.weight": 2.7276596644772628e-05,
  "model.layers.12.self_attn.q_proj.weight": 1.4024489409298406e-07,
  "model.layers.12.self_attn.k_proj.weight": 1.484839564636076e-07,
  "model.layers.12.self_attn.v_proj.weight": 4.559445090516573e-06,
  "model.layers.12.self_attn.o_proj.weight": 1.5997964932050006e-06,
  "model.layers.12.mlp.gate_proj.weight": 2.2782700015433477e-07,
  "model.layers.12.mlp.up_proj.weight": 3.552491373663238e-07,
  "model.layers.12.mlp.down_proj.weight": 4.3041841787013406e-07,
  "model.layers.12.input_layernorm.weight": 2.323947979299135e-05,
  "model.layers.12.post_attention_layernorm.weight": 2.9546383795301754e-05,
  "model.layers.13.self_attn.q_proj.weight": 2.4101379805488114e-07,