{
  "mode": "selective",
  "accuracy": 0.655,
  "size_mb": 3211.834228515625,
  "peak_vram_gb": 3.716796875,
  "time": 2914.0712990760803
}