{
  "mode": "selective",
  "accuracy": 0.645,
  "size_mb": 2482.834228515625,
  "peak_vram_gb": 7.223881244659424,
  "time": 2522.5056216716766
}