{
  "mode": "naive",
  "accuracy": 0.655,
  "size_mb": 2095.834228515625,
  "peak_vram_gb": 1.1079330444335938,
  "time": 2775.3992400169373
}