{
  "mode": "baseline",
  "accuracy": 0.685,
  "size_mb": 6127.834228515625,
  "peak_vram_gb": 3.716796875,
  "time": 2150.3474745750427
}