{
  "model.embed_tokens.weight": 0.08939954284232954,
  "model.layers.0.self_attn.q_proj.weight": 0.007076207964132664,
  "model.layers.0.self_attn.k_proj.weight": 0.04290759391733445,
  "model.layers.0.self_attn.v_proj.weight": 23.845450373832136,
  "model.layers.0.self_attn.o_proj.weight": 0.3498076004834729,
  "model.layers.0.mlp.gate_proj.weight": 0.007000508635883307,
  "model.layers.0.mlp.up_proj.weight": 0.007233451529145896,
  "model.layers.0.mlp.down_proj.weight": 0.012404975771232785,
  "model.layers.0.input_layernorm.weight": 48.61563936434686,
  "model.layers.0.post_attention_layernorm.weight": 6.705443661427125,
  "model.layers.1.self_attn.q_proj.weight": 0.0009796790251925813,
  "model.layers.1.self_attn.k_proj.weight": 0.008008395984006711,
  "model.layers.1.self_attn.v_proj.weight": 0.6004115585383261,
  "model.layers.1.self_attn.o_proj.weight": 0.04554100168388686,
  "model.layers.1.mlp.gate_proj.weight": 0.027929639281865093,
  "model.layers.1.mlp.up_proj.weight": 0.04309705230934924,
  "model.layers.1.mlp.down_proj.weight": 0.02399721924757614,
  "model.layers.1.input_layernorm.weight": 2.342296365182847,
  "model.layers.1.post_attention_layernorm.weight": 0.3375561415377888,
  "model.layers.2.self_attn.q_proj.weight": 0.003086514787298711,
  "model.layers.2.self_attn.k_proj.weight": 0.04060779103474488,
  "model.layers.2.self_attn.v_proj.weight": 0.26288097398355603,
  "model.layers.2.self_attn.o_proj.weight": 0.020797528643470287,
  "model.layers.2.mlp.gate_proj.weight": 0.012127368236633629,
  "model.layers.2.mlp.up_proj.weight": 0.02311605399427208,
  "model.layers.2.mlp.down_proj.weight": 0.05422205966169713,
  "model.layers.2.input_layernorm.weight": 0.6628460304273176,
  "model.layers.2.post_attention_layernorm.weight": 0.4114493253873661,
  "model.layers.3.self_attn.q_proj.weight": 0.003983556943239819,
  "model.layers.3.self_attn.k_proj.weight": 0.07199774781656743,
  "model.layers.3.self_attn.v_proj.weight": 0.2942652707788511,
  "model.layers.3.self_attn.o_proj.weight": 0.02227428631795192,
  "model.layers.3.mlp.gate_proj.weight": 0.00947967641991454,
  "model.layers.3.mlp.up_proj.weight": 0.01981008587517863,
  "model.layers.3.mlp.down_proj.weight": 0.009344276666752194,
  "model.layers.3.input_layernorm.weight": 1.0053798055887455,
  "model.layers.3.post_attention_layernorm.weight": 0.4083616633870406,
  "model.layers.4.self_attn.q_proj.weight": 0.0032000539189311894,
  "model.layers.4.self_attn.k_proj.weight": 0.051387850355240516,
  "model.layers.4.self_attn.v_proj.weight": 0.16883132224029396,
  "model.layers.4.self_attn.o_proj.weight": 0.017276390348797577,
  "model.layers.4.mlp.gate_proj.weight": 0.006929685762997906,
  "model.layers.4.mlp.up_proj.weight": 0.013421800966625597,
  "model.layers.4.mlp.down_proj.weight": 0.00825322587888877,
  "model.layers.4.input_layernorm.weight": 0.7043096562847495,
  "model.layers.4.post_attention_layernorm.weight": 0.7854990440537222,
  "model.layers.5.self_attn.q_proj.weight": 0.00465071371297654,
  "model.layers.5.self_attn.k_proj.weight": 0.0774099653453959,
  "model.layers.5.self_attn.v_proj.weight": 0.1310683372139465,
  "model.layers.5.self_attn.o_proj.weight": 0.016439721766346338,
  "model.layers.5.mlp.gate_proj.weight": 0.008458486434619772,
  "model.layers.5.mlp.up_proj.weight": 0.013105760047665171,
  "model.layers.5.mlp.down_proj.weight": 0.006663236288432017,
  "model.layers.5.input_layernorm.weight": 0.5077606338672922,
  "model.layers.5.post_attention_layernorm.weight": 0.26493676086101914,
  "model.layers.6.self_attn.q_proj.weight": 0.002835590578854408,
  "model.layers.6.self_attn.k_proj.weight": 0.051594674624993786,
  "model.layers.6.self_attn.v_proj.weight": 0.13763097330956953,
  "model.layers.6.self_attn.o_proj.weight": 0.009760733621305917,
  "model.layers.6.mlp.gate_proj.weight": 0.004265659571501601,
  "model.layers.6.mlp.up_proj.weight": 0.0061609524659616,
  "model.layers.6.mlp.down_proj.weight": 0.005260465689843841,
  "model.layers.6.input_layernorm.weight": 0.3048984944689437,
  "model.layers.6.post_attention_layernorm.weight": 0.6936786650039721,
  "model.layers.7.self_attn.q_proj.weight": 0.0019048214672068298,
  "model.layers.7.self_attn.k_proj.weight": 0.02220757783516092,
  "model.layers.7.self_attn.v_proj.weight": 0.11797823497181525,
  "model.layers.7.self_attn.o_proj.weight": 0.01414773722603968,
  "model.layers.7.mlp.gate_proj.weight": 0.0036205946629479513,
  "model.layers.7.mlp.up_proj.weight": 0.004997546750814763,
  "model.layers.7.mlp.down_proj.weight": 0.004669036734526344,
  "model.layers.7.input_layernorm.weight": 0.33403435924992664,
  "model.layers.7.post_attention_layernorm.weight": 0.7148331037606113,
  "model.layers.8.self_attn.q_proj.weight": 0.002841286086635364,
  "model.layers.8.self_attn.k_proj.weight": 0.032439455411577,
  "model.layers.8.self_attn.v_proj.weight": 0.07161817477935983,
  "model.layers.8.self_attn.o_proj.weight": 0.011110453819128452,
  "model.layers.8.mlp.gate_proj.weight": 0.0032045729831793324,
  "model.layers.8.mlp.up_proj.weight": 0.004392130039832409,
  "model.layers.8.mlp.down_proj.weight": 0.004261681906996273,
  "model.layers.8.input_layernorm.weight": 0.1806272771464137,
  "model.layers.8.post_attention_layernorm.weight": 0.5120400363666704,
  "model.layers.9.self_attn.q_proj.weight": 0.0037086973589168792,
  "model.layers.9.self_attn.k_proj.weight": 0.0483423573705295,
  "model.layers.9.self_attn.v_proj.weight": 0.06206478798867465,
  "model.layers.9.self_attn.o_proj.weight": 0.013854217004336533,
  "model.layers.9.mlp.gate_proj.weight": 0.002888573461177657,
  "model.layers.9.mlp.up_proj.weight": 0.0037474706789453194,
  "model.layers.9.mlp.down_proj.weight": 0.00339420137606794,
  "model.layers.9.input_layernorm.weight": 0.17670305079627724,
  "model.layers.9.post_attention_layernorm.weight": 0.5089737839589361,
  "model.layers.10.self_attn.q_proj.weight": 0.002471875620301489,
  "model.layers.10.self_attn.k_proj.weight": 0.02715787537226788,
  "model.layers.10.self_attn.v_proj.weight": 0.07143258226278704,
  "model.layers.10.self_attn.o_proj.weight": 0.01635920480794084,
  "model.layers.10.mlp.gate_proj.weight": 0.002396015860483658,
  "model.layers.10.mlp.up_proj.weight": 0.003087623102260295,
  "model.layers.10.mlp.down_proj.weight": 0.002870757994685391,
  "model.layers.10.input_layernorm.weight": 0.1681257388645463,
  "model.layers.10.post_attention_layernorm.weight": 0.4496710246166913,
  "model.layers.11.self_attn.q_proj.weight": 0.002650201627801607,
  "model.layers.11.self_attn.k_proj.weight": 0.03440622605057797,
  "model.layers.11.self_attn.v_proj.weight": 0.08715003267388965,
  "model.layers.11.self_attn.o_proj.weight": 0.017319962059673344,
  "model.layers.11.mlp.gate_proj.weight": 0.0020903993102479035,
  "model.layers.11.mlp.up_proj.weight": 0.002852949768396229,
  "model.layers.11.mlp.down_proj.weight": 0.0027467326077044163,
  "model.layers.11.input_layernorm.weight": 0.1821425845118938,
  "model.layers.11.post_attention_layernorm.weight": 0.49288279708707705,
  "model.layers.12.self_attn.q_proj.weight": 0.0025993803813832983,
  "model.layers.12.self_attn.k_proj.weight": 0.021391190179315345,
  "model.layers.12.self_attn.v_proj.weight": 0.04058373378302349,
  "model.layers.12.self_attn.o_proj.weight": 0.009631422650159038,
  "model.layers.12.mlp.gate_proj.weight": 0.0018524960621562059,
  "model.layers.12.mlp.up_proj.weight": 0.0025310359125683135,
  "model.layers.12.mlp.down_proj.weight": 0.0023317435603757986,
  "model.layers.12.input_layernorm.weight": 0.10201062905252911,
  "model.layers.12.post_attention_layernorm.weight": 0.39541818137513474,
  "model.layers.13.self_attn.q_proj.weight": 0.002072599389350671,
  "model.layers.13.self_attn.k_proj.weight": 0.03525298494605522,
  "model.layers.13.self_attn.v_proj.weight": 0.06530012746952707,
  "model.layers.13.self_attn.o_proj.weight": 0.014222475472934093,
  "model.layers.13.mlp.gate_proj.weight": 0.001717171557089614,