{
  "model.embed_tokens.weight": 0.011092601933341939,
  "model.layers.0.self_attn.q_proj.weight": 0.0007269019099567231,
  "model.layers.0.self_attn.k_proj.weight": 0.005051136633483111,
  "model.layers.0.self_attn.v_proj.weight": 2.134540001861751,
  "model.layers.0.self_attn.o_proj.weight": 0.04473371559288353,
  "model.layers.0.mlp.gate_proj.weight": 0.0008862471329393884,
  "model.layers.0.mlp.up_proj.weight": 0.0010797997294957895,
  "model.layers.0.mlp.down_proj.weight": 0.0025224153332601418,
  "model.layers.0.input_layernorm.weight": 4.601674952544272,
  "model.layers.0.post_attention_layernorm.weight": 0.8366304258815944,
  "model.layers.1.self_attn.q_proj.weight": 0.00025553685060231146,
  "model.layers.1.self_attn.k_proj.weight": 0.0017551785572322842,
  "model.layers.1.self_attn.v_proj.weight": 0.08481604029657319,
  "model.layers.1.self_attn.o_proj.weight": 0.007842559814889682,
  "model.layers.1.mlp.gate_proj.weight": 0.004624223727660137,
  "model.layers.1.mlp.up_proj.weight": 0.006374336720909923,
  "model.layers.1.mlp.down_proj.weight": 0.021938450801826548,
  "model.layers.1.input_layernorm.weight": 0.39643408166011795,
  "model.layers.1.post_attention_layernorm.weight": 0.0560814816999482,
  "model.layers.2.self_attn.q_proj.weight": 0.0008809684723019018,
  "model.layers.2.self_attn.k_proj.weight": 0.010261465202347608,
  "model.layers.2.self_attn.v_proj.weight": 0.04089392253081314,
  "model.layers.2.self_attn.o_proj.weight": 0.004570111400425958,
  "model.layers.2.mlp.gate_proj.weight": 0.0024323795341842924,
  "model.layers.2.mlp.up_proj.weight": 0.0043714377243304625,
  "model.layers.2.mlp.down_proj.weight": 0.018662644091818947,
  "model.layers.2.input_layernorm.weight": 0.14466006713337265,
  "model.layers.2.post_attention_layernorm.weight": 0.07628010408370756,
  "model.layers.3.self_attn.q_proj.weight": 0.0014710478462802712,
  "model.layers.3.self_attn.k_proj.weight": 0.021058705333416583,
  "model.layers.3.self_attn.v_proj.weight": 0.05748707472230308,
  "model.layers.3.self_attn.o_proj.weight": 0.006074668594010291,
  "model.layers.3.mlp.gate_proj.weight": 0.0022883317460582475,
  "model.layers.3.mlp.up_proj.weight": 0.004691686083788227,
  "model.layers.3.mlp.down_proj.weight": 0.002640542492372333,
  "model.layers.3.input_layernorm.weight": 0.19405547235510312,
  "model.layers.3.post_attention_layernorm.weight": 0.08811135543510318,
  "model.layers.4.self_attn.q_proj.weight": 0.0012116739787870756,
  "model.layers.4.self_attn.k_proj.weight": 0.016151617899595294,
  "model.layers.4.self_attn.v_proj.weight": 0.04497073845413979,
  "model.layers.4.self_attn.o_proj.weight": 0.00528147191653261,
  "model.layers.4.mlp.gate_proj.weight": 0.0026830410397451487,
  "model.layers.4.mlp.up_proj.weight": 0.004809249925529002,
  "model.layers.4.mlp.down_proj.weight": 0.003729499178007245,
  "model.layers.4.input_layernorm.weight": 0.18138929127599113,
  "model.layers.4.post_attention_layernorm.weight": 0.2639225713792257,
  "model.layers.5.self_attn.q_proj.weight": 0.001884660417545092,
  "model.layers.5.self_attn.k_proj.weight": 0.028338018913927954,
  "model.layers.5.self_attn.v_proj.weight": 0.04249188135145232,
  "model.layers.5.self_attn.o_proj.weight": 0.0069000002804386895,
  "model.layers.5.mlp.gate_proj.weight": 0.0025136233384728257,
  "model.layers.5.mlp.up_proj.weight": 0.004718305025562586,
  "model.layers.5.mlp.down_proj.weight": 0.0027471633102322812,
  "model.layers.5.input_layernorm.weight": 0.1620378623047145,
  "model.layers.5.post_attention_layernorm.weight": 0.08413415914401412,
  "model.layers.6.self_attn.q_proj.weight": 0.0013669529482740472,
  "model.layers.6.self_attn.k_proj.weight": 0.019659751651488477,
  "model.layers.6.self_attn.v_proj.weight": 0.05811225748038851,
  "model.layers.6.self_attn.o_proj.weight": 0.0042234934744556085,
  "model.layers.6.mlp.gate_proj.weight": 0.002326881539374881,
  "model.layers.6.mlp.up_proj.weight": 0.0031577473419019952,
  "model.layers.6.mlp.down_proj.weight": 0.003330995577016438,
  "model.layers.6.input_layernorm.weight": 0.1408580480783712,
  "model.layers.6.post_attention_layernorm.weight": 0.3750496425200254,
  "model.layers.7.self_attn.q_proj.weight": 0.0011009437514530873,
  "model.layers.7.self_attn.k_proj.weight": 0.010732150996773271,
  "model.layers.7.self_attn.v_proj.weight": 0.05981131574662868,
  "model.layers.7.self_attn.o_proj.weight": 0.007952764830406522,
  "model.layers.7.mlp.gate_proj.weight": 0.00225849509888576,
  "model.layers.7.mlp.up_proj.weight": 0.0027858212697537965,
  "model.layers.7.mlp.down_proj.weight": 0.003105730870629486,
  "model.layers.7.input_layernorm.weight": 0.16028040499077179,
  "model.layers.7.post_attention_layernorm.weight": 0.4158839425072074,
  "model.layers.8.self_attn.q_proj.weight": 0.0019021333368982596,
  "model.layers.8.self_attn.k_proj.weight": 0.018931346010504058,
  "model.layers.8.self_attn.v_proj.weight": 0.04319868062157184,
  "model.layers.8.self_attn.o_proj.weight": 0.006572858832441852,
  "model.layers.8.mlp.gate_proj.weight": 0.002157769034965895,
  "model.layers.8.mlp.up_proj.weight": 0.0027133185058119125,
  "model.layers.8.mlp.down_proj.weight": 0.003096622589509934,
  "model.layers.8.input_layernorm.weight": 0.10280082616372965,
  "model.layers.8.post_attention_layernorm.weight": 0.3565648338990286,
  "model.layers.9.self_attn.q_proj.weight": 0.002359395059556846,
  "model.layers.9.self_attn.k_proj.weight": 0.03293182473862544,
  "model.layers.9.self_attn.v_proj.weight": 0.03830855153501034,
  "model.layers.9.self_attn.o_proj.weight": 0.008261659810159472,
  "model.layers.9.mlp.gate_proj.weight": 0.0020893964956485434,
  "model.layers.9.mlp.up_proj.weight": 0.002390000502600742,
  "model.layers.9.mlp.down_proj.weight": 0.0027801541355074733,
  "model.layers.9.input_layernorm.weight": 0.11706912345835008,
  "model.layers.9.post_attention_layernorm.weight": 0.3667540678870864,
  "model.layers.10.self_attn.q_proj.weight": 0.00233413590285636,
  "model.layers.10.self_attn.k_proj.weight": 0.021189626328123268,
  "model.layers.10.self_attn.v_proj.weight": 0.048235591617412865,
  "model.layers.10.self_attn.o_proj.weight": 0.011883044775458984,
  "model.layers.10.mlp.gate_proj.weight": 0.0019909374705093796,
  "model.layers.10.mlp.up_proj.weight": 0.002360600229621923,
  "model.layers.10.mlp.down_proj.weight": 0.0027107284777230234,
  "model.layers.10.input_layernorm.weight": 0.1168684349686373,
  "model.layers.10.post_attention_layernorm.weight": 0.49041586788371205,
  "model.layers.11.self_attn.q_proj.weight": 0.002943428504295298,
  "model.layers.11.self_attn.k_proj.weight": 0.04656327855627751,
  "model.layers.11.self_attn.v_proj.weight": 0.06485631871328223,
  "model.layers.11.self_attn.o_proj.weight": 0.011706264085660223,
  "model.layers.11.mlp.gate_proj.weight": 0.001975875265088689,
  "model.layers.11.mlp.up_proj.weight": 0.002482824336766498,
  "model.layers.11.mlp.down_proj.weight": 0.002691872430659714,
  "model.layers.11.input_layernorm.weight": 0.1903855749987997,
  "model.layers.11.post_attention_layernorm.weight": 0.5138271325267851,
  "model.layers.12.self_attn.q_proj.weight": 0.002336902484330494,
  "model.layers.12.self_attn.k_proj.weight": 0.02001302584540099,
  "model.layers.12.self_attn.v_proj.weight": 0.03816761291818693,
  "model.layers.12.self_attn.o_proj.weight": 0.007702654060267378,
  "model.layers.12.mlp.gate_proj.weight": 0.001885419537757116,
  "model.layers.12.mlp.up_proj.weight": 0.0022824350407972815,
  "model.layers.12.mlp.down_proj.weight": 0.002412258654658217,
  "model.layers.12.input_layernorm.weight": 0.0879474386019865,
  "model.layers.12.post_attention_layernorm.weight": 0.3690703340107575,
  "model.layers.13.self_attn.q_proj.weight": 0.001995645166516624,
  "model.layers.13.self_attn.k_proj.weight": 0.03497314351989189,
  "model.layers.13.self_attn.v_proj.weight": 0.0496533779805759,
  "model.layers.13.self_attn.o_proj.weight": 0.01092720532687963,