{
  "model.embed_tokens.weight": 15.112797881942242,
  "model.layers.0.self_attn.q_proj.weight": 0.38255364376527723,
  "model.layers.0.self_attn.k_proj.weight": 0.7032157505309442,
  "model.layers.0.self_attn.v_proj.weight": 26.94052268192172,
  "model.layers.0.self_attn.dense.weight": 12.140557006001472,
  "model.layers.0.mlp.fc1.weight": 1.4824045950663276,
  "model.layers.0.mlp.fc2.weight": 3.760628068353981,
  "model.layers.0.input_layernorm.weight": 0.5386719483212801,
  "model.layers.1.self_attn.q_proj.weight": 0.156335604020569,
  "model.layers.1.self_attn.k_proj.weight": 0.2687064136407571,
  "model.layers.1.self_attn.v_proj.weight": 12.130450208671391,
  "model.layers.1.self_attn.dense.weight": 8.812503558932804,
  "model.layers.1.mlp.fc1.weight": 4.456804809975438,
  "model.layers.1.mlp.fc2.weight": 8.67198174726218,
  "model.layers.1.input_layernorm.weight": 0.09523313840327319,
  "model.layers.2.self_attn.q_proj.weight": 0.4029720315011218,
  "model.layers.2.self_attn.k_proj.weight": 0.46589610932278447,
  "model.layers.2.self_attn.v_proj.weight": 15.572782609146088,
  "model.layers.2.self_attn.dense.weight": 5.683708488475531,
  "model.layers.2.mlp.fc1.weight": 6.636153331026435,
  "model.layers.2.mlp.fc2.weight": 9.646040561143309,
  "model.layers.2.input_layernorm.weight": 0.09988993313891115,
  "model.layers.3.self_attn.q_proj.weight": 0.7450179036823101,
  "model.layers.3.self_attn.k_proj.weight": 0.6667679085512646,
  "model.layers.3.self_attn.v_proj.weight": 9.706607618834823,
  "model.layers.3.self_attn.dense.weight": 4.193738381145522,
  "model.layers.3.mlp.fc1.weight": 6.58731793332845,
  "model.layers.3.mlp.fc2.weight": 8.837192009203136,
  "model.layers.3.input_layernorm.weight": 0.1307783645024756,
  "model.layers.4.self_attn.q_proj.weight": 1.1332510218780953,
  "model.layers.4.self_attn.k_proj.weight": 1.1018785419873893,
  "model.layers.4.self_attn.v_proj.weight": 9.638741705100983,
  "model.layers.4.self_attn.dense.weight": 2.561652556527406,
  "model.layers.4.mlp.fc1.weight": 8.301297737751156,
  "model.layers.4.mlp.fc2.weight": 9.455023379065096,
  "model.layers.4.input_layernorm.weight": 0.2653368023566145,
  "model.layers.5.self_attn.q_proj.weight": 0.6255618873983622,
  "model.layers.5.self_attn.k_proj.weight": 0.6422461664769799,
  "model.layers.5.self_attn.v_proj.weight": 8.609019489958882,
  "model.layers.5.self_attn.dense.weight": 2.6191738902125508,
  "model.layers.5.mlp.fc1.weight": 8.055514617357403,
  "model.layers.5.mlp.fc2.weight": 9.167998407501727,
  "model.layers.5.input_layernorm.weight": 0.17154371011565672,
  "model.layers.6.self_attn.q_proj.weight": 0.6957129490619991,
  "model.layers.6.self_attn.k_proj.weight": 0.6156086729606614,
  "model.layers.6.self_attn.v_proj.weight": 6.226942361332476,
  "model.layers.6.self_attn.dense.weight": 1.4571767438901588,
  "model.layers.6.mlp.fc1.weight": 9.707064830698073,
  "model.layers.6.mlp.fc2.weight": 9.159930578898638,
  "model.layers.6.input_layernorm.weight": 0.22317048885270196,
  "model.layers.7.self_attn.q_proj.weight": 0.5874005705700256,
  "model.layers.7.self_attn.k_proj.weight": 0.5221711910853628,
  "model.layers.7.self_attn.v_proj.weight": 6.454913765192032,
  "model.layers.7.self_attn.dense.weight": 1.4848304198822007,
  "model.layers.7.mlp.fc1.weight": 8.349265412427485,
  "model.layers.7.mlp.fc2.weight": 8.950288195163012,
  "model.layers.7.input_layernorm.weight": 0.09511172657221323,
  "model.layers.8.self_attn.q_proj.weight": 1.4054044047661591,
  "model.layers.8.self_attn.k_proj.weight": 1.0644569237774704,
  "model.layers.8.self_attn.v_proj.weight": 7.03408040991053,
  "model.layers.8.self_attn.dense.weight": 1.0729402740544174,
  "model.layers.8.mlp.fc1.weight": 8.064156089443713,
  "model.layers.8.mlp.fc2.weight": 8.32961756864097,
  "model.layers.8.input_layernorm.weight": 0.13678739933675388,
  "model.layers.9.self_attn.q_proj.weight": 0.6907753467385191,
  "model.layers.9.self_attn.k_proj.weight": 0.571925936936168,
  "model.layers.9.self_attn.v_proj.weight": 7.908619220834225,
  "model.layers.9.self_attn.dense.weight": 1.1154293211875483,
  "model.layers.9.mlp.fc1.weight": 8.211691570933908,
  "model.layers.9.mlp.fc2.weight": 8.378006964921951,
  "model.layers.9.input_layernorm.weight": 0.29823424082860583,
  "model.layers.10.self_attn.q_proj.weight": 4.043902466655709,
  "model.layers.10.self_attn.k_proj.weight": 2.739435788069386,
  "model.layers.10.self_attn.v_proj.weight": 6.988202148349956,
  "model.layers.10.self_attn.dense.weight": 1.441461551003158,
  "model.layers.10.mlp.fc1.weight": 7.064279842656106,
  "model.layers.10.mlp.fc2.weight": 6.1056557829724625,
  "model.layers.10.input_layernorm.weight": 0.5344929766470159,
  "model.layers.11.self_attn.q_proj.weight": 0.724196551804198,
  "model.layers.11.self_attn.k_proj.weight": 0.644230784237152,
  "model.layers.11.self_attn.v_proj.weight": 6.791691484162584,
  "model.layers.11.self_attn.dense.weight": 1.225894169358071,
  "model.layers.11.mlp.fc1.weight": 5.726759833283722,
  "model.layers.11.mlp.fc2.weight": 5.359566825907677,
  "model.layers.11.input_layernorm.weight": 0.07365358190600091,
  "model.layers.12.self_attn.q_proj.weight": 0.3721382885996718,
  "model.layers.12.self_attn.k_proj.weight": 0.31942679052008316,
  "model.layers.12.self_attn.v_proj.weight": 5.1042157269548625,
  "model.layers.12.self_attn.dense.weight": 0.7818410051986575,
  "model.layers.12.mlp.fc1.weight": 5.654764291481115,
  "model.layers.12.mlp.fc2.weight": 5.260120655875653,
  "model.layers.12.input_layernorm.weight": 0.04963788708118955,
  "model.layers.13.self_attn.q_proj.weight": 0.3887591906823218,
  "model.layers.13.self_attn.k_proj.weight": 0.3654871228209231,
  "model.layers.13.self_attn.v_proj.weight": 4.6819853242486715,
  "model.layers.13.self_attn.dense.weight": 0.6681649017846212,
  "model.layers.13.mlp.fc1.weight": 5.446894928347319,
  "model.layers.13.mlp.fc2.weight": 4.727090739179403,
  "model.layers.13.input_layernorm.weight": 0.06022549738918315,
  "model.layers.14.self_attn.q_proj.weight": 0.5605444153188728,
  "model.layers.14.self_attn.k_proj.weight": 0.5264191037858836,
  "model.layers.14.self_attn.v_proj.weight": 4.911570281139575,
  "model.layers.14.self_attn.dense.weight": 0.7284488815639634,
  "model.layers.14.mlp.fc1.weight": 4.670370842795819,
  "model.layers.14.mlp.fc2.weight": 4.418238505488262,
  "model.layers.14.input_layernorm.weight": 0.052976012905674,
  "model.layers.15.self_attn.q_proj.weight": 0.49156466699787416,
  "model.layers.15.self_attn.k_proj.weight": 0.5007206200971268,
  "model.layers.15.self_attn.v_proj.weight": 4.803599165286869,
  "model.layers.15.self_attn.dense.weight": 0.7013887906505261,
  "model.layers.15.mlp.fc1.weight": 4.940292430343106,
  "model.layers.15.mlp.fc2.weight": 4.545105865574442,
  "model.layers.15.input_layernorm.weight": 0.04533866479687276,
  "model.layers.16.self_attn.q_proj.weight": 0.43022336752619594,
  "model.layers.16.self_attn.k_proj.weight": 0.389087961462792,
  "model.layers.16.self_attn.v_proj.weight": 4.463848000392318,
  "model.layers.16.self_attn.dense.weight": 0.6162495301687159,
  "model.layers.16.mlp.fc1.weight": 4.867348060943186,
  "model.layers.16.mlp.fc2.weight": 4.231956549920142,
  "model.layers.16.input_layernorm.weight": 0.04259097409885726,
  "model.layers.17.self_attn.q_proj.weight": 0.3742646556929685,
  "model.layers.17.self_attn.k_proj.weight": 0.34516003317548893,
  "model.layers.17.self_attn.v_proj.weight": 3.95693495857995,
  "model.layers.17.self_attn.dense.weight": 0.6393601970048621,
  "model.layers.17.mlp.fc1.weight": 4.581421064212918,
  "model.layers.17.mlp.fc2.weight": 4.302042189519852,
  "model.layers.17.input_layernorm.weight": 0.04106815949671727,
  "model.layers.18.self_attn.q_proj.weight": 0.49630720193090383,
  "model.layers.18.self_attn.k_proj.weight": 0.46965413574071135,
  "model.layers.18.self_attn.v_proj.weight": 3.692503722384572,