{
  "model.embed_tokens.weight": 5.8027241163216554e-08,
  "model.layers.0.self_attn.q_proj.weight": 2.4680549977063036e-08,
  "model.layers.0.self_attn.k_proj.weight": 4.778892420453929e-08,
  "model.layers.0.self_attn.v_proj.weight": 2.429476698040389e-06,
  "model.layers.0.self_attn.dense.weight": 7.13809760739537e-07,
  "model.layers.0.mlp.fc1.weight": 2.6481507653386422e-08,
  "model.layers.0.mlp.fc2.weight": 6.695404438872288e-08,
  "model.layers.0.input_layernorm.weight": 9.465771430541279e-05,
  "model.layers.1.self_attn.q_proj.weight": 1.0145651782034195e-08,
  "model.layers.1.self_attn.k_proj.weight": 1.514558964021973e-08,
  "model.layers.1.self_attn.v_proj.weight": 7.851950757498115e-07,
  "model.layers.1.self_attn.dense.weight": 4.3413447460949326e-07,
  "model.layers.1.mlp.fc1.weight": 7.043438748688404e-08,
  "model.layers.1.mlp.fc2.weight": 1.3461792036650874e-07,
  "model.layers.1.input_layernorm.weight": 1.7110829809041658e-05,
  "model.layers.2.self_attn.q_proj.weight": 2.934860523495787e-08,
  "model.layers.2.self_attn.k_proj.weight": 3.979403491616296e-08,
  "model.layers.2.self_attn.v_proj.weight": 1.3102959692901093e-06,
  "model.layers.2.self_attn.dense.weight": 3.7625886786685206e-07,
  "model.layers.2.mlp.fc1.weight": 1.0090250463612451e-07,
  "model.layers.2.mlp.fc2.weight": 1.4756639108881588e-07,
  "model.layers.2.input_layernorm.weight": 2.1974026084592423e-05,
  "model.layers.3.self_attn.q_proj.weight": 4.561723577545251e-08,
  "model.layers.3.self_attn.k_proj.weight": 4.3562163045685065e-08,
  "model.layers.3.self_attn.v_proj.weight": 7.195295833639649e-07,
  "model.layers.3.self_attn.dense.weight": 2.139956050939418e-07,
  "model.layers.3.mlp.fc1.weight": 1.215906855200899e-07,
  "model.layers.3.mlp.fc2.weight": 1.5207443368581155e-07,
  "model.layers.3.input_layernorm.weight": 3.146083980141157e-05,
  "model.layers.4.self_attn.q_proj.weight": 6.563214846266874e-08,
  "model.layers.4.self_attn.k_proj.weight": 7.106576750182112e-08,
  "model.layers.4.self_attn.v_proj.weight": 7.866649143295492e-07,
  "model.layers.4.self_attn.dense.weight": 1.9440429376516028e-07,
  "model.layers.4.mlp.fc1.weight": 1.3795929445947763e-07,
  "model.layers.4.mlp.fc2.weight": 1.6016782137029395e-07,
  "model.layers.4.input_layernorm.weight": 3.61410993647837e-05,
  "model.layers.5.self_attn.q_proj.weight": 6.037402431324781e-08,
  "model.layers.5.self_attn.k_proj.weight": 5.801247036529843e-08,
  "model.layers.5.self_attn.v_proj.weight": 6.488593639630834e-07,
  "model.layers.5.self_attn.dense.weight": 1.8970197523060512e-07,
  "model.layers.5.mlp.fc1.weight": 1.5200811244397979e-07,
  "model.layers.5.mlp.fc2.weight": 1.7295243122106284e-07,
  "model.layers.5.input_layernorm.weight": 3.0751495114600405e-05,
  "model.layers.6.self_attn.q_proj.weight": 6.353132071090784e-08,
  "model.layers.6.self_attn.k_proj.weight": 5.7110636886292796e-08,
  "model.layers.6.self_attn.v_proj.weight": 5.294645391984432e-07,
  "model.layers.6.self_attn.dense.weight": 1.4060840921814588e-07,
  "model.layers.6.mlp.fc1.weight": 1.72523166064309e-07,
  "model.layers.6.mlp.fc2.weight": 1.7255523900416845e-07,
  "model.layers.6.input_layernorm.weight": 2.726140959339318e-05,
  "model.layers.7.self_attn.q_proj.weight": 5.373210773207404e-08,
  "model.layers.7.self_attn.k_proj.weight": 4.718160879768618e-08,
  "model.layers.7.self_attn.v_proj.weight": 5.285869924875896e-07,
  "model.layers.7.self_attn.dense.weight": 1.3380971509491245e-07,
  "model.layers.7.mlp.fc1.weight": 1.649199503361842e-07,
  "model.layers.7.mlp.fc2.weight": 1.7509463823728316e-07,
  "model.layers.7.input_layernorm.weight": 2.9422754872143744e-05,
  "model.layers.8.self_attn.q_proj.weight": 8.419557604888441e-08,
  "model.layers.8.self_attn.k_proj.weight": 6.265849052500272e-08,
  "model.layers.8.self_attn.v_proj.weight": 5.908190483694398e-07,
  "model.layers.8.self_attn.dense.weight": 9.503190849358137e-08,
  "model.layers.8.mlp.fc1.weight": 1.6889835698918893e-07,
  "model.layers.8.mlp.fc2.weight": 1.7699737433929388e-07,
  "model.layers.8.input_layernorm.weight": 2.7253444409325317e-05,
  "model.layers.9.self_attn.q_proj.weight": 8.100638562602566e-08,
  "model.layers.9.self_attn.k_proj.weight": 7.119713459680099e-08,
  "model.layers.9.self_attn.v_proj.weight": 6.531073208293494e-07,
  "model.layers.9.self_attn.dense.weight": 1.359570345726979e-07,
  "model.layers.9.mlp.fc1.weight": 1.6986845636779431e-07,
  "model.layers.9.mlp.fc2.weight": 1.7028237991212331e-07,
  "model.layers.9.input_layernorm.weight": 5.907699460578898e-05,
  "model.layers.10.self_attn.q_proj.weight": 1.0615896830046268e-07,
  "model.layers.10.self_attn.k_proj.weight": 8.496076999264801e-08,
  "model.layers.10.self_attn.v_proj.weight": 5.886376827390903e-07,
  "model.layers.10.self_attn.dense.weight": 1.2418926143453745e-07,
  "model.layers.10.mlp.fc1.weight": 1.6929721347480608e-07,
  "model.layers.10.mlp.fc2.weight": 1.6038370905135936e-07,
  "model.layers.10.input_layernorm.weight": 4.33282926337597e-05,
  "model.layers.11.self_attn.q_proj.weight": 1.319096725005408e-07,
  "model.layers.11.self_attn.k_proj.weight": 1.2900230400347826e-07,
  "model.layers.11.self_attn.v_proj.weight": 7.166865444219182e-07,
  "model.layers.11.self_attn.dense.weight": 1.491117775387352e-07,
  "model.layers.11.mlp.fc1.weight": 1.4829552561934635e-07,
  "model.layers.11.mlp.fc2.weight": 1.367459271506278e-07,
  "model.layers.11.input_layernorm.weight": 2.654539618731633e-05,
  "model.layers.12.self_attn.q_proj.weight": 6.031485269453185e-08,
  "model.layers.12.self_attn.k_proj.weight": 5.283742735784357e-08,
  "model.layers.12.self_attn.v_proj.weight": 5.403227251576936e-07,
  "model.layers.12.self_attn.dense.weight": 1.120958698308527e-07,
  "model.layers.12.mlp.fc1.weight": 1.5152852967048602e-07,
  "model.layers.12.mlp.fc2.weight": 1.3213921061350216e-07,
  "model.layers.12.input_layernorm.weight": 1.9183390384114323e-05,
  "model.layers.13.self_attn.q_proj.weight": 6.496845904813142e-08,
  "model.layers.13.self_attn.k_proj.weight": 5.997134874036191e-08,
  "model.layers.13.self_attn.v_proj.weight": 4.684503278440388e-07,
  "model.layers.13.self_attn.dense.weight": 9.029019667039508e-08,
  "model.layers.13.mlp.fc1.weight": 1.2961942609024395e-07,
  "model.layers.13.mlp.fc2.weight": 1.1862387708561075e-07,
  "model.layers.13.input_layernorm.weight": 2.1307918100887945e-05,
  "model.layers.14.self_attn.q_proj.weight": 5.319926948743614e-08,
  "model.layers.14.self_attn.k_proj.weight": 5.044959312527908e-08,
  "model.layers.14.self_attn.v_proj.weight": 4.7212493115011966e-07,
  "model.layers.14.self_attn.dense.weight": 9.754538723427686e-08,
  "model.layers.14.mlp.fc1.weight": 1.193228633766807e-07,
  "model.layers.14.mlp.fc2.weight": 1.1178908248865582e-07,
  "model.layers.14.input_layernorm.weight": 1.6736985941179224e-05,
  "model.layers.15.self_attn.q_proj.weight": 5.361022149763527e-08,
  "model.layers.15.self_attn.k_proj.weight": 5.726385552407009e-08,
  "model.layers.15.self_attn.v_proj.weight": 4.435168348493335e-07,
  "model.layers.15.self_attn.dense.weight": 1.0583682078291186e-07,
  "model.layers.15.mlp.fc1.weight": 1.2215996775921672e-07,
  "model.layers.15.mlp.fc2.weight": 1.132006838133748e-07,
  "model.layers.15.input_layernorm.weight": 1.3154965969874862e-05,
  "model.layers.16.self_attn.q_proj.weight": 4.437369307552784e-08,
  "model.layers.16.self_attn.k_proj.weight": 4.063239481766344e-08,
  "model.layers.16.self_attn.v_proj.weight": 4.0442328980816455e-07,
  "model.layers.16.self_attn.dense.weight": 8.053493759874187e-08,
  "model.layers.16.mlp.fc1.weight": 1.2100912861967576e-07,
  "model.layers.16.mlp.fc2.weight": 1.0766230628789231e-07,
  "model.layers.16.input_layernorm.weight": 1.3982726366634783e-05,
  "model.layers.17.self_attn.q_proj.weight": 3.7755856086008074e-08,
  "model.layers.17.self_attn.k_proj.weight": 3.1302379150943696e-08,
  "model.layers.17.self_attn.v_proj.weight": 3.5640300112049766e-07,