{
  "model.embed_tokens.weight": 1.1530149818383961e-07,
  "model.layers.0.self_attn.q_proj.weight": 5.837305398159742e-08,
  "model.layers.0.self_attn.k_proj.weight": 1.0730220601828938e-07,
  "model.layers.0.self_attn.v_proj.weight": 4.110797326291051e-06,
  "model.layers.0.self_attn.dense.weight": 1.8525020819026848e-06,
  "model.layers.0.mlp.fc1.weight": 5.654924516207417e-08,
  "model.layers.0.mlp.fc2.weight": 1.4345657996628348e-07,
  "model.layers.0.input_layernorm.weight": 0.0002104187298129999,
  "model.layers.1.self_attn.q_proj.weight": 2.3854919545263088e-08,
  "model.layers.1.self_attn.k_proj.weight": 4.1001343129565254e-08,
  "model.layers.1.self_attn.v_proj.weight": 1.8509597965632451e-06,
  "model.layers.1.self_attn.dense.weight": 1.3446813079909247e-06,
  "model.layers.1.mlp.fc1.weight": 1.7001361173107913e-07,
  "model.layers.1.mlp.fc2.weight": 3.3080983668831726e-07,
  "model.layers.1.input_layernorm.weight": 3.7200444700147254e-05,
  "model.layers.2.self_attn.q_proj.weight": 6.1488651454944e-08,
  "model.layers.2.self_attn.k_proj.weight": 7.109010307981838e-08,
  "model.layers.2.self_attn.v_proj.weight": 2.3762181116637744e-06,
  "model.layers.2.self_attn.dense.weight": 8.672650966445872e-07,
  "model.layers.2.mlp.fc1.weight": 2.531491491897242e-07,
  "model.layers.2.mlp.fc2.weight": 3.6796722981513616e-07,
  "model.layers.2.input_layernorm.weight": 3.90195051096498e-05,
  "model.layers.3.self_attn.q_proj.weight": 1.1368071310080551e-07,
  "model.layers.3.self_attn.k_proj.weight": 1.0174071412016874e-07,
  "model.layers.3.self_attn.v_proj.weight": 1.4811108122358976e-06,
  "model.layers.3.self_attn.dense.weight": 6.399136927992545e-07,
  "model.layers.3.mlp.fc1.weight": 2.5128623402537194e-07,
  "model.layers.3.mlp.fc2.weight": 3.3711211692377676e-07,
  "model.layers.3.input_layernorm.weight": 5.108529863377954e-05,
  "model.layers.4.self_attn.q_proj.weight": 1.729203802236512e-07,
  "model.layers.4.self_attn.k_proj.weight": 1.6813332132770144e-07,
  "model.layers.4.self_attn.v_proj.weight": 1.4707552272597019e-06,
  "model.layers.4.self_attn.dense.weight": 3.9087718000097044e-07,
  "model.layers.4.mlp.fc1.weight": 3.166693698553046e-07,
  "model.layers.4.mlp.fc2.weight": 3.6068051404214427e-07,
  "model.layers.4.input_layernorm.weight": 0.00010364718842055262,
  "model.layers.5.self_attn.q_proj.weight": 9.545316789427719e-08,
  "model.layers.5.self_attn.k_proj.weight": 9.799898557538713e-08,
  "model.layers.5.self_attn.v_proj.weight": 1.3136321340567746e-06,
  "model.layers.5.self_attn.dense.weight": 3.9965422677035194e-07,
  "model.layers.5.mlp.fc1.weight": 3.0729349696834154e-07,
  "model.layers.5.mlp.fc2.weight": 3.4973137723603993e-07,
  "model.layers.5.input_layernorm.weight": 6.700926176392841e-05,
  "model.layers.6.self_attn.q_proj.weight": 1.0615736826480316e-07,
  "model.layers.6.self_attn.k_proj.weight": 9.393442804039862e-08,
  "model.layers.6.self_attn.v_proj.weight": 9.501559857483244e-07,
  "model.layers.6.self_attn.dense.weight": 2.2234753573435738e-07,
  "model.layers.6.mlp.fc1.weight": 3.702951332673621e-07,
  "model.layers.6.mlp.fc2.weight": 3.494236193013479e-07,
  "model.layers.6.input_layernorm.weight": 8.717597217966502e-05,
  "model.layers.7.self_attn.q_proj.weight": 8.963020713181895e-08,
  "model.layers.7.self_attn.k_proj.weight": 7.967700001998423e-08,
  "model.layers.7.self_attn.v_proj.weight": 9.849416180607309e-07,
  "model.layers.7.self_attn.dense.weight": 2.2656714298463502e-07,
  "model.layers.7.mlp.fc1.weight": 3.184991913585121e-07,
  "model.layers.7.mlp.fc2.weight": 3.414263953871456e-07,
  "model.layers.7.input_layernorm.weight": 3.715301819227077e-05,
  "model.layers.8.self_attn.q_proj.weight": 2.1444771898693208e-07,
  "model.layers.8.self_attn.k_proj.weight": 1.624232330010856e-07,
  "model.layers.8.self_attn.v_proj.weight": 1.073315527051477e-06,
  "model.layers.8.self_attn.dense.weight": 1.637176965996189e-07,
  "model.layers.8.mlp.fc1.weight": 3.076231307819198e-07,
  "model.layers.8.mlp.fc2.weight": 3.177496764372735e-07,
  "model.layers.8.input_layernorm.weight": 5.343257786591949e-05,
  "model.layers.9.self_attn.q_proj.weight": 1.0540395461555715e-07,
  "model.layers.9.self_attn.k_proj.weight": 8.726897141375643e-08,
  "model.layers.9.self_attn.v_proj.weight": 1.2067595324971598e-06,
  "model.layers.9.self_attn.dense.weight": 1.7020101414910718e-07,
  "model.layers.9.mlp.fc1.weight": 3.132511910441948e-07,
  "model.layers.9.mlp.fc2.weight": 3.19595603168743e-07,
  "model.layers.9.input_layernorm.weight": 0.0001164977503236742,
  "model.layers.10.self_attn.q_proj.weight": 6.170505493585668e-07,
  "model.layers.10.self_attn.k_proj.weight": 4.1800474467557073e-07,
  "model.layers.10.self_attn.v_proj.weight": 1.0663150138512378e-06,
  "model.layers.10.self_attn.dense.weight": 2.199495720489608e-07,
  "model.layers.10.mlp.fc1.weight": 2.694808879377676e-07,
  "model.layers.10.mlp.fc2.weight": 2.3291228604893634e-07,
  "model.layers.10.input_layernorm.weight": 0.00020878631904253106,
  "model.layers.11.self_attn.q_proj.weight": 1.1050362641817915e-07,
  "model.layers.11.self_attn.k_proj.weight": 9.830181491921052e-08,
  "model.layers.11.self_attn.v_proj.weight": 1.0363298659932238e-06,
  "model.layers.11.self_attn.dense.weight": 1.8705660639106728e-07,
  "model.layers.11.mlp.fc1.weight": 2.1845855346924736e-07,
  "model.layers.11.mlp.fc2.weight": 2.0445124734536088e-07,
  "model.layers.11.input_layernorm.weight": 2.877093043771595e-05,
  "model.layers.12.self_attn.q_proj.weight": 5.67837954501549e-08,
  "model.layers.12.self_attn.k_proj.weight": 4.87406609828156e-08,
  "model.layers.12.self_attn.v_proj.weight": 7.78841525299612e-07,
  "model.layers.12.self_attn.dense.weight": 1.1929946921895862e-07,
  "model.layers.12.mlp.fc1.weight": 2.157121462298405e-07,
  "model.layers.12.mlp.fc2.weight": 2.0065767278421018e-07,
  "model.layers.12.input_layernorm.weight": 1.9389801477132105e-05,
  "model.layers.13.self_attn.q_proj.weight": 5.9319946430491665e-08,
  "model.layers.13.self_attn.k_proj.weight": 5.5768910345310715e-08,
  "model.layers.13.self_attn.v_proj.weight": 7.144143077830735e-07,
  "model.layers.13.self_attn.dense.weight": 1.0195387617262243e-07,
  "model.layers.13.mlp.fc1.weight": 2.0778255025888372e-07,
  "model.layers.13.mlp.fc2.weight": 1.8032419999425289e-07,
  "model.layers.13.input_layernorm.weight": 2.352558491764967e-05,
  "model.layers.14.self_attn.q_proj.weight": 8.553228956431628e-08,
  "model.layers.14.self_attn.k_proj.weight": 8.032517919476234e-08,
  "model.layers.14.self_attn.v_proj.weight": 7.494461311097213e-07,
  "model.layers.14.self_attn.dense.weight": 1.1115247934956333e-07,
  "model.layers.14.mlp.fc1.weight": 1.7816050334573683e-07,
  "model.layers.14.mlp.fc2.weight": 1.685424176356421e-07,
  "model.layers.14.input_layernorm.weight": 2.0693755177703103e-05,
  "model.layers.15.self_attn.q_proj.weight": 7.500681563410436e-08,
  "model.layers.15.self_attn.k_proj.weight": 7.640390372820606e-08,
  "model.layers.15.self_attn.v_proj.weight": 7.329710401648984e-07,
  "model.layers.15.self_attn.dense.weight": 1.0702343221868913e-07,
  "model.layers.15.mlp.fc1.weight": 1.8845720029414536e-07,
  "model.layers.15.mlp.fc2.weight": 1.7338202746852725e-07,
  "model.layers.15.input_layernorm.weight": 1.771041593627842e-05,
  "model.layers.16.self_attn.q_proj.weight": 6.564687619725619e-08,
  "model.layers.16.self_attn.k_proj.weight": 5.9370112861500936e-08,
  "model.layers.16.self_attn.v_proj.weight": 6.811291620323348e-07,
  "model.layers.16.self_attn.dense.weight": 9.403221573389684e-08,
  "model.layers.16.mlp.fc1.weight": 1.85674590436058e-07,
  "model.layers.16.mlp.fc2.weight": 1.61436332799525e-07,
  "model.layers.16.input_layernorm.weight": 1.6637099223260068e-05,
  "model.layers.17.self_attn.q_proj.weight": 5.710825143001586e-08,
  "model.layers.17.self_attn.k_proj.weight": 5.2667241745574234e-08,
  "model.layers.17.self_attn.v_proj.weight": 6.037803184533178e-07,