{
  "model.embed_tokens.weight": 0.0002557832671996607,
  "model.layers.0.self_attn.q_proj.weight": 0.00012676275389189584,
  "model.layers.0.self_attn.k_proj.weight": 0.0002874485831547702,
  "model.layers.0.self_attn.v_proj.weight": 0.010096687772829682,
  "model.layers.0.self_attn.dense.weight": 0.0026356787189456554,
  "model.layers.0.mlp.fc1.weight": 0.00010635250299184662,
  "model.layers.0.mlp.fc2.weight": 0.00026728866965086695,
  "model.layers.0.input_layernorm.weight": 0.39306063974800054,
  "model.layers.1.self_attn.q_proj.weight": 3.6349287831916044e-05,
  "model.layers.1.self_attn.k_proj.weight": 5.518742605925553e-05,
  "model.layers.1.self_attn.v_proj.weight": 0.0030787711310438226,
  "model.layers.1.self_attn.dense.weight": 0.0015291287300556178,
  "model.layers.1.mlp.fc1.weight": 0.00027253394953064003,
  "model.layers.1.mlp.fc2.weight": 0.0004858067949058409,
  "model.layers.1.input_layernorm.weight": 0.057933390832658915,
  "model.layers.2.self_attn.q_proj.weight": 0.00011237086078086378,
  "model.layers.2.self_attn.k_proj.weight": 0.0001527581289932911,
  "model.layers.2.self_attn.v_proj.weight": 0.005323811978257709,
  "model.layers.2.self_attn.dense.weight": 0.0012813048661257653,
  "model.layers.2.mlp.fc1.weight": 0.00037450732772725814,
  "model.layers.2.mlp.fc2.weight": 0.0005275069714940628,
  "model.layers.2.input_layernorm.weight": 0.06799826660153485,
  "model.layers.3.self_attn.q_proj.weight": 0.00019746965852096565,
  "model.layers.3.self_attn.k_proj.weight": 0.00018536716853656543,
  "model.layers.3.self_attn.v_proj.weight": 0.0028763151966870737,
  "model.layers.3.self_attn.dense.weight": 0.0007479781899704108,
  "model.layers.3.mlp.fc1.weight": 0.0004284977656290323,
  "model.layers.3.mlp.fc2.weight": 0.0005518949677352225,
  "model.layers.3.input_layernorm.weight": 0.1067589941130791,
  "model.layers.4.self_attn.q_proj.weight": 0.00023374513962259869,
  "model.layers.4.self_attn.k_proj.weight": 0.00024116631398563015,
  "model.layers.4.self_attn.v_proj.weight": 0.0030948770257452907,
  "model.layers.4.self_attn.dense.weight": 0.0006332009156011509,
  "model.layers.4.mlp.fc1.weight": 0.0004963828183690566,
  "model.layers.4.mlp.fc2.weight": 0.000583076716068831,
  "model.layers.4.input_layernorm.weight": 0.14532618235716654,
  "model.layers.5.self_attn.q_proj.weight": 0.00020991954350080277,
  "model.layers.5.self_attn.k_proj.weight": 0.00021203184187790214,
  "model.layers.5.self_attn.v_proj.weight": 0.00238061109098453,
  "model.layers.5.self_attn.dense.weight": 0.0006485739424846315,
  "model.layers.5.mlp.fc1.weight": 0.0005274320252013354,
  "model.layers.5.mlp.fc2.weight": 0.0005955661434882131,
  "model.layers.5.input_layernorm.weight": 0.11171829757859086,
  "model.layers.6.self_attn.q_proj.weight": 0.00023798525208995613,
  "model.layers.6.self_attn.k_proj.weight": 0.00021061121581222864,
  "model.layers.6.self_attn.v_proj.weight": 0.0019054399979268055,
  "model.layers.6.self_attn.dense.weight": 0.0004777682337078204,
  "model.layers.6.mlp.fc1.weight": 0.000594436357168604,
  "model.layers.6.mlp.fc2.weight": 0.0005856572385454228,
  "model.layers.6.input_layernorm.weight": 0.13559148254444153,
  "model.layers.7.self_attn.q_proj.weight": 0.0002046309020684589,
  "model.layers.7.self_attn.k_proj.weight": 0.0001821614890520351,
  "model.layers.7.self_attn.v_proj.weight": 0.001918278550846253,
  "model.layers.7.self_attn.dense.weight": 0.0004704979128611342,
  "model.layers.7.mlp.fc1.weight": 0.0005486444864359896,
  "model.layers.7.mlp.fc2.weight": 0.0005903455856355322,
  "model.layers.7.input_layernorm.weight": 0.08959208242686145,
  "model.layers.8.self_attn.q_proj.weight": 0.00027490368020544054,
  "model.layers.8.self_attn.k_proj.weight": 0.0002131037868782215,
  "model.layers.8.self_attn.v_proj.weight": 0.0021560365648554125,
  "model.layers.8.self_attn.dense.weight": 0.0003319487776138885,
  "model.layers.8.mlp.fc1.weight": 0.0005827556722977079,
  "model.layers.8.mlp.fc2.weight": 0.0006071735115966703,
  "model.layers.8.input_layernorm.weight": 0.1115916499747982,
  "model.layers.9.self_attn.q_proj.weight": 0.00027288852384899087,
  "model.layers.9.self_attn.k_proj.weight": 0.00023654489077884477,
  "model.layers.9.self_attn.v_proj.weight": 0.002485091254300187,
  "model.layers.9.self_attn.dense.weight": 0.0004402748353626862,
  "model.layers.9.mlp.fc1.weight": 0.0005901307830384894,
  "model.layers.9.mlp.fc2.weight": 0.0005792333236769309,
  "model.layers.9.input_layernorm.weight": 0.1813358464396515,
  "model.layers.10.self_attn.q_proj.weight": 0.0004203715716037948,
  "model.layers.10.self_attn.k_proj.weight": 0.0003292006403654568,
  "model.layers.10.self_attn.v_proj.weight": 0.002287222314862447,
  "model.layers.10.self_attn.dense.weight": 0.0004314712369506424,
  "model.layers.10.mlp.fc1.weight": 0.00057738259493334,
  "model.layers.10.mlp.fc2.weight": 0.0005300855225272016,
  "model.layers.10.input_layernorm.weight": 0.17795297716111236,
  "model.layers.11.self_attn.q_proj.weight": 0.0004920807439425801,
  "model.layers.11.self_attn.k_proj.weight": 0.0004949029841974095,
  "model.layers.11.self_attn.v_proj.weight": 0.0026235408420518525,
  "model.layers.11.self_attn.dense.weight": 0.00045327019772400945,
  "model.layers.11.mlp.fc1.weight": 0.00046243579634364096,
  "model.layers.11.mlp.fc2.weight": 0.000420137908385243,
  "model.layers.11.input_layernorm.weight": 0.08809098888286826,
  "model.layers.12.self_attn.q_proj.weight": 0.00018900687843981245,
  "model.layers.12.self_attn.k_proj.weight": 0.00017821834030851136,
  "model.layers.12.self_attn.v_proj.weight": 0.0018824929994991635,
  "model.layers.12.self_attn.dense.weight": 0.00034867268278659935,
  "model.layers.12.mlp.fc1.weight": 0.0004479670249466494,
  "model.layers.12.mlp.fc2.weight": 0.00038748601001969973,
  "model.layers.12.input_layernorm.weight": 0.06687537212837924,
  "model.layers.13.self_attn.q_proj.weight": 0.00016296284017869311,
  "model.layers.13.self_attn.k_proj.weight": 0.00016184674392683007,
  "model.layers.13.self_attn.v_proj.weight": 0.0014626423783283826,
  "model.layers.13.self_attn.dense.weight": 0.00026135165125751314,
  "model.layers.13.mlp.fc1.weight": 0.0003672294576517743,
  "model.layers.13.mlp.fc2.weight": 0.00033341313387325044,
  "model.layers.13.input_layernorm.weight": 0.05519846103288728,
  "model.layers.14.self_attn.q_proj.weight": 0.00016017613166496858,
  "model.layers.14.self_attn.k_proj.weight": 0.00015399906455293433,
  "model.layers.14.self_attn.v_proj.weight": 0.001432906220230734,
  "model.layers.14.self_attn.dense.weight": 0.00026935398258487453,
  "model.layers.14.mlp.fc1.weight": 0.0003248260017230109,
  "model.layers.14.mlp.fc2.weight": 0.0003091334699618642,
  "model.layers.14.input_layernorm.weight": 0.042683247592322004,
  "model.layers.15.self_attn.q_proj.weight": 0.00015067301005089462,
  "model.layers.15.self_attn.k_proj.weight": 0.00017170616429496022,
  "model.layers.15.self_attn.v_proj.weight": 0.001295450846271251,
  "model.layers.15.self_attn.dense.weight": 0.0002887637991761949,
  "model.layers.15.mlp.fc1.weight": 0.000330181032474286,
  "model.layers.15.mlp.fc2.weight": 0.0003057409172555481,
  "model.layers.15.input_layernorm.weight": 0.0387853914421612,
  "model.layers.16.self_attn.q_proj.weight": 0.0001240763255800914,
  "model.layers.16.self_attn.k_proj.weight": 0.00011587934700330038,
  "model.layers.16.self_attn.v_proj.weight": 0.0011243575133619288,
  "model.layers.16.self_attn.dense.weight": 0.00021035960041260182,
  "model.layers.16.mlp.fc1.weight": 0.00032269645004845415,
  "model.layers.16.mlp.fc2.weight": 0.00028715575810167593,
  "model.layers.16.input_layernorm.weight": 0.035672524389156024,
  "model.layers.17.self_attn.q_proj.weight": 0.00010452939298488673,
  "model.layers.17.self_attn.k_proj.weight": 8.787176932401053e-05,
  "model.layers.17.self_attn.v_proj.weight": 0.0009760975033543673,
  "model.layers.17.self_attn.dense.weight": 0.00020562513299182683,