{
  "model.embed_tokens.weight": 0.09616583165916381,
  "model.layers.0.self_attn.q_proj.weight": 0.0061035765893393545,
  "model.layers.0.self_attn.k_proj.weight": 0.03831596988675301,
  "model.layers.0.self_attn.v_proj.weight": 25.684739880263805,
  "model.layers.0.self_attn.o_proj.weight": 0.36255772184813395,
  "model.layers.0.mlp.gate_proj.weight": 0.007309300765882654,
  "model.layers.0.mlp.up_proj.weight": 0.007517431972701161,
  "model.layers.0.mlp.down_proj.weight": 0.013127765321769402,
  "model.layers.0.input_layernorm.weight": 50.70967527478933,
  "model.layers.0.post_attention_layernorm.weight": 7.255069267004728,
  "model.layers.1.self_attn.q_proj.weight": 0.0010498856013327895,
  "model.layers.1.self_attn.k_proj.weight": 0.008573984760914755,
  "model.layers.1.self_attn.v_proj.weight": 0.598393200605642,
  "model.layers.1.self_attn.o_proj.weight": 0.04712128302344354,
  "model.layers.1.mlp.gate_proj.weight": 0.028286724216741277,
  "model.layers.1.mlp.up_proj.weight": 0.043229843366134446,
  "model.layers.1.mlp.down_proj.weight": 0.026679635204345686,
  "model.layers.1.input_layernorm.weight": 2.4551276336424053,
  "model.layers.1.post_attention_layernorm.weight": 0.3433012021705508,
  "model.layers.2.self_attn.q_proj.weight": 0.0028471081591305847,
  "model.layers.2.self_attn.k_proj.weight": 0.03621201793794171,
  "model.layers.2.self_attn.v_proj.weight": 0.27047486617811956,
  "model.layers.2.self_attn.o_proj.weight": 0.021286196904839016,
  "model.layers.2.mlp.gate_proj.weight": 0.012725936037895735,
  "model.layers.2.mlp.up_proj.weight": 0.023281931840756442,
  "model.layers.2.mlp.down_proj.weight": 0.05469604358950164,
  "model.layers.2.input_layernorm.weight": 0.6112477968563326,
  "model.layers.2.post_attention_layernorm.weight": 0.42336892668390647,
  "model.layers.3.self_attn.q_proj.weight": 0.004162963508406392,
  "model.layers.3.self_attn.k_proj.weight": 0.0841407932311995,
  "model.layers.3.self_attn.v_proj.weight": 0.29295376612572,
  "model.layers.3.self_attn.o_proj.weight": 0.022637885020230897,
  "model.layers.3.mlp.gate_proj.weight": 0.00982183781434287,
  "model.layers.3.mlp.up_proj.weight": 0.020575281138007995,
  "model.layers.3.mlp.down_proj.weight": 0.009958804239431629,
  "model.layers.3.input_layernorm.weight": 1.095386156346649,
  "model.layers.3.post_attention_layernorm.weight": 0.43443579017184675,
  "model.layers.4.self_attn.q_proj.weight": 0.00330051166110934,
  "model.layers.4.self_attn.k_proj.weight": 0.05403900177770993,
  "model.layers.4.self_attn.v_proj.weight": 0.17269494422362186,
  "model.layers.4.self_attn.o_proj.weight": 0.017979792510232073,
  "model.layers.4.mlp.gate_proj.weight": 0.00721209497169184,
  "model.layers.4.mlp.up_proj.weight": 0.013870367127310601,
  "model.layers.4.mlp.down_proj.weight": 0.008728182097911485,
  "model.layers.4.input_layernorm.weight": 0.6874115389073268,
  "model.layers.4.post_attention_layernorm.weight": 0.8186840699054301,
  "model.layers.5.self_attn.q_proj.weight": 0.004731744257696846,
  "model.layers.5.self_attn.k_proj.weight": 0.07650064933113754,
  "model.layers.5.self_attn.v_proj.weight": 0.13457953339093365,
  "model.layers.5.self_attn.o_proj.weight": 0.017339690542939934,
  "model.layers.5.mlp.gate_proj.weight": 0.009153243386208487,
  "model.layers.5.mlp.up_proj.weight": 0.01380412655089458,
  "model.layers.5.mlp.down_proj.weight": 0.0071480793430964695,
  "model.layers.5.input_layernorm.weight": 0.5585203959490173,
  "model.layers.5.post_attention_layernorm.weight": 0.276925296173431,
  "model.layers.6.self_attn.q_proj.weight": 0.002881281114923695,
  "model.layers.6.self_attn.k_proj.weight": 0.05252674724579265,
  "model.layers.6.self_attn.v_proj.weight": 0.13995981650077738,
  "model.layers.6.self_attn.o_proj.weight": 0.009959461863218166,
  "model.layers.6.mlp.gate_proj.weight": 0.004484740539737686,
  "model.layers.6.mlp.up_proj.weight": 0.006498562237538863,
  "model.layers.6.mlp.down_proj.weight": 0.005631907558381499,
  "model.layers.6.input_layernorm.weight": 0.31738997998763807,
  "model.layers.6.post_attention_layernorm.weight": 0.7268172110198066,
  "model.layers.7.self_attn.q_proj.weight": 0.002000958406256359,
  "model.layers.7.self_attn.k_proj.weight": 0.0218569735334313,
  "model.layers.7.self_attn.v_proj.weight": 0.12155669486674014,
  "model.layers.7.self_attn.o_proj.weight": 0.014971581891586538,
  "model.layers.7.mlp.gate_proj.weight": 0.003873273984027037,
  "model.layers.7.mlp.up_proj.weight": 0.005316089940151869,
  "model.layers.7.mlp.down_proj.weight": 0.005053291615695343,
  "model.layers.7.input_layernorm.weight": 0.3330390382325277,
  "model.layers.7.post_attention_layernorm.weight": 0.7461372010875493,
  "model.layers.8.self_attn.q_proj.weight": 0.0029103211352321523,
  "model.layers.8.self_attn.k_proj.weight": 0.03255763685956481,
  "model.layers.8.self_attn.v_proj.weight": 0.07593485002871603,
  "model.layers.8.self_attn.o_proj.weight": 0.011701257608365268,
  "model.layers.8.mlp.gate_proj.weight": 0.0034938652866003395,
  "model.layers.8.mlp.up_proj.weight": 0.0047507335257250816,
  "model.layers.8.mlp.down_proj.weight": 0.004688699429607368,
  "model.layers.8.input_layernorm.weight": 0.1665459166833898,
  "model.layers.8.post_attention_layernorm.weight": 0.5688179718563333,
  "model.layers.9.self_attn.q_proj.weight": 0.003983346728091419,
  "model.layers.9.self_attn.k_proj.weight": 0.04997789543995168,
  "model.layers.9.self_attn.v_proj.weight": 0.06623455017688684,
  "model.layers.9.self_attn.o_proj.weight": 0.01466189891743852,
  "model.layers.9.mlp.gate_proj.weight": 0.003162900629831711,
  "model.layers.9.mlp.up_proj.weight": 0.004056639604186785,
  "model.layers.9.mlp.down_proj.weight": 0.0037194323560925113,
  "model.layers.9.input_layernorm.weight": 0.18473318341420963,
  "model.layers.9.post_attention_layernorm.weight": 0.5417179621290416,
  "model.layers.10.self_attn.q_proj.weight": 0.002703377952570918,
  "model.layers.10.self_attn.k_proj.weight": 0.029228788102045655,
  "model.layers.10.self_attn.v_proj.weight": 0.07679338022717275,
  "model.layers.10.self_attn.o_proj.weight": 0.01734826107531262,
  "model.layers.10.mlp.gate_proj.weight": 0.002636543848666406,
  "model.layers.10.mlp.up_proj.weight": 0.0033582141979877633,
  "model.layers.10.mlp.down_proj.weight": 0.0031654810561576596,
  "model.layers.10.input_layernorm.weight": 0.1784747974597849,
  "model.layers.10.post_attention_layernorm.weight": 0.48829543427564204,
  "model.layers.11.self_attn.q_proj.weight": 0.0029459658243240483,
  "model.layers.11.self_attn.k_proj.weight": 0.034594963040945004,
  "model.layers.11.self_attn.v_proj.weight": 0.09413214372762013,
  "model.layers.11.self_attn.o_proj.weight": 0.018730508236330934,
  "model.layers.11.mlp.gate_proj.weight": 0.002308286928155212,
  "model.layers.11.mlp.up_proj.weight": 0.0031538028174509236,
  "model.layers.11.mlp.down_proj.weight": 0.003032280668776366,
  "model.layers.11.input_layernorm.weight": 0.1928725863690488,
  "model.layers.11.post_attention_layernorm.weight": 0.5440925941220485,
  "model.layers.12.self_attn.q_proj.weight": 0.0028219418950357067,
  "model.layers.12.self_attn.k_proj.weight": 0.02327441745364922,
  "model.layers.12.self_attn.v_proj.weight": 0.04447733838605927,
  "model.layers.12.self_attn.o_proj.weight": 0.010279740039550234,
  "model.layers.12.mlp.gate_proj.weight": 0.0020618884321947917,
  "model.layers.12.mlp.up_proj.weight": 0.0028065432359198894,
  "model.layers.12.mlp.down_proj.weight": 0.00256239477539566,
  "model.layers.12.input_layernorm.weight": 0.12134302339836722,
  "model.layers.12.post_attention_layernorm.weight": 0.4327374048298225,
  "model.layers.13.self_attn.q_proj.weight": 0.002249923389399555,
  "model.layers.13.self_attn.k_proj.weight": 0.039899061839605565,
  "model.layers.13.self_attn.v_proj.weight": 0.07152924971887842,
  "model.layers.13.self_attn.o_proj.weight": 0.015629285348040867,