{
  "model.embed_tokens.weight": 151.4231317937374,
  "model.layers.0.self_attn.q_proj.weight": 0.12313973125128541,
  "model.layers.0.self_attn.k_proj.weight": 0.28441222474793904,
  "model.layers.0.self_attn.v_proj.weight": 57.983431562781334,
  "model.layers.0.self_attn.o_proj.weight": 9.173711748793721,
  "model.layers.0.mlp.gate_proj.weight": 3.5456398227252066,
  "model.layers.0.mlp.up_proj.weight": 4.604941584169865,
  "model.layers.0.mlp.down_proj.weight": 32.716327741742134,
  "model.layers.0.input_layernorm.weight": 0.7831010252120905,
  "model.layers.0.post_attention_layernorm.weight": 0.17122678595478646,
  "model.layers.1.self_attn.q_proj.weight": 0.6052941019879654,
  "model.layers.1.self_attn.k_proj.weight": 0.3825611472129822,
  "model.layers.1.self_attn.v_proj.weight": 29.908353090286255,
  "model.layers.1.self_attn.o_proj.weight": 6.578840306028724,
  "model.layers.1.mlp.gate_proj.weight": 3.5227452041581273,
  "model.layers.1.mlp.up_proj.weight": 4.704252840951085,
  "model.layers.1.mlp.down_proj.weight": 1302.281563282013,
  "model.layers.1.input_layernorm.weight": 0.09017908624082338,
  "model.layers.1.post_attention_layernorm.weight": 0.20585219241911545,
  "model.layers.2.self_attn.q_proj.weight": 1.1687620766460896,
  "model.layers.2.self_attn.k_proj.weight": 0.7029408139642328,
  "model.layers.2.self_attn.v_proj.weight": 21.461688861250877,
  "model.layers.2.self_attn.o_proj.weight": 5.760209633037448,
  "model.layers.2.mlp.gate_proj.weight": 4.084147675894201,
  "model.layers.2.mlp.up_proj.weight": 5.670080637559295,
  "model.layers.2.mlp.down_proj.weight": 9.180497668683529,
  "model.layers.2.input_layernorm.weight": 0.18642255406302866,
  "model.layers.2.post_attention_layernorm.weight": 0.11145939855487086,
  "model.layers.3.self_attn.q_proj.weight": 1.535436701029539,
  "model.layers.3.self_attn.k_proj.weight": 0.7426612521521747,
  "model.layers.3.self_attn.v_proj.weight": 17.060388959944248,
  "model.layers.3.self_attn.o_proj.weight": 6.73807742074132,
  "model.layers.3.mlp.gate_proj.weight": 4.250449815765023,
  "model.layers.3.mlp.up_proj.weight": 6.74348983168602,
  "model.layers.3.mlp.down_proj.weight": 9.126768656075,
  "model.layers.3.input_layernorm.weight": 0.5100312280337675,
  "model.layers.3.post_attention_layernorm.weight": 0.09372277089278214,
  "model.layers.4.self_attn.q_proj.weight": 1.3646780517883599,
  "model.layers.4.self_attn.k_proj.weight": 0.6386290898080915,
  "model.layers.4.self_attn.v_proj.weight": 12.512154504656792,
  "model.layers.4.self_attn.o_proj.weight": 5.593571528792381,
  "model.layers.4.mlp.gate_proj.weight": 3.9561453759670258,
  "model.layers.4.mlp.up_proj.weight": 8.053423762321472,
  "model.layers.4.mlp.down_proj.weight": 10.202546801418066,
  "model.layers.4.input_layernorm.weight": 0.6060255367847276,
  "model.layers.4.post_attention_layernorm.weight": 0.09713556212955154,
  "model.layers.5.self_attn.q_proj.weight": 1.0893734167329967,
  "model.layers.5.self_attn.k_proj.weight": 0.48860633035656065,
  "model.layers.5.self_attn.v_proj.weight": 13.662535542622209,
  "model.layers.5.self_attn.o_proj.weight": 8.930568901821971,
  "model.layers.5.mlp.gate_proj.weight": 4.444366595707834,
  "model.layers.5.mlp.up_proj.weight": 8.486850021407008,
  "model.layers.5.mlp.down_proj.weight": 11.09388499893248,
  "model.layers.5.input_layernorm.weight": 0.17581306870124536,
  "model.layers.5.post_attention_layernorm.weight": 0.08493199394433759,
  "model.layers.6.self_attn.q_proj.weight": 1.0631682770326734,
  "model.layers.6.self_attn.k_proj.weight": 0.5347656969097443,
  "model.layers.6.self_attn.v_proj.weight": 10.543365452438593,
  "model.layers.6.self_attn.o_proj.weight": 7.865269869565964,
  "model.layers.6.mlp.gate_proj.weight": 4.640377559699118,
  "model.layers.6.mlp.up_proj.weight": 9.112704146653414,
  "model.layers.6.mlp.down_proj.weight": 11.642508424818516,
  "model.layers.6.input_layernorm.weight": 0.2922204706846969,
  "model.layers.6.post_attention_layernorm.weight": 0.0824234499305021,
  "model.layers.7.self_attn.q_proj.weight": 1.225774387596175,
  "model.layers.7.self_attn.k_proj.weight": 0.47085762466304004,
  "model.layers.7.self_attn.v_proj.weight": 10.066004790365696,
  "model.layers.7.self_attn.o_proj.weight": 11.315025214105844,
  "model.layers.7.mlp.gate_proj.weight": 4.8366926070302725,
  "model.layers.7.mlp.up_proj.weight": 7.8952688202261925,
  "model.layers.7.mlp.down_proj.weight": 10.583716906607151,
  "model.layers.7.input_layernorm.weight": 0.2251806584026781,
  "model.layers.7.post_attention_layernorm.weight": 0.07623026997316629,
  "model.layers.8.self_attn.q_proj.weight": 1.2154271411709487,
  "model.layers.8.self_attn.k_proj.weight": 0.4332075727870688,
  "model.layers.8.self_attn.v_proj.weight": 9.771183585748076,
  "model.layers.8.self_attn.o_proj.weight": 12.537429731339216,
  "model.layers.8.mlp.gate_proj.weight": 4.697115436196327,
  "model.layers.8.mlp.up_proj.weight": 7.876440204679966,
  "model.layers.8.mlp.down_proj.weight": 10.528976203873754,
  "model.layers.8.input_layernorm.weight": 0.06053528232223471,
  "model.layers.8.post_attention_layernorm.weight": 0.0685625538462773,
  "model.layers.9.self_attn.q_proj.weight": 1.3165741660632193,
  "model.layers.9.self_attn.k_proj.weight": 0.45407859608531,
  "model.layers.9.self_attn.v_proj.weight": 11.869987543672323,
  "model.layers.9.self_attn.o_proj.weight": 12.835771970450878,
  "model.layers.9.mlp.gate_proj.weight": 4.636988162994385,
  "model.layers.9.mlp.up_proj.weight": 7.710831418633461,
  "model.layers.9.mlp.down_proj.weight": 10.387111522257328,
  "model.layers.9.input_layernorm.weight": 0.10931760411040159,
  "model.layers.9.post_attention_layernorm.weight": 0.07274535221222322,
  "model.layers.10.self_attn.q_proj.weight": 1.1798701924271882,
  "model.layers.10.self_attn.k_proj.weight": 0.34758209891151637,
  "model.layers.10.self_attn.v_proj.weight": 10.321838602423668,
  "model.layers.10.self_attn.o_proj.weight": 15.428073730319738,
  "model.layers.10.mlp.gate_proj.weight": 5.264732176437974,
  "model.layers.10.mlp.up_proj.weight": 8.274178203195333,
  "model.layers.10.mlp.down_proj.weight": 10.444057080894709,
  "model.layers.10.input_layernorm.weight": 0.10807047037087614,
  "model.layers.10.post_attention_layernorm.weight": 0.07372633134946227,
  "model.layers.11.self_attn.q_proj.weight": 1.5368642359972,
  "model.layers.11.self_attn.k_proj.weight": 0.6718781819217838,
  "model.layers.11.self_attn.v_proj.weight": 10.268837485462427,
  "model.layers.11.self_attn.o_proj.weight": 12.048518130555749,
  "model.layers.11.mlp.gate_proj.weight": 5.817828040570021,
  "model.layers.11.mlp.up_proj.weight": 8.694189568981528,
  "model.layers.11.mlp.down_proj.weight": 10.372877778485417,
  "model.layers.11.input_layernorm.weight": 0.07577395460612024,
  "model.layers.11.post_attention_layernorm.weight": 0.08379370489274152,
  "model.layers.12.self_attn.q_proj.weight": 1.3235168706160039,
  "model.layers.12.self_attn.k_proj.weight": 0.4670901393983513,
  "model.layers.12.self_attn.v_proj.weight": 14.342774085700512,
  "model.layers.12.self_attn.o_proj.weight": 15.09757386893034,
  "model.layers.12.mlp.gate_proj.weight": 5.733454188331962,
  "model.layers.12.mlp.up_proj.weight": 8.940137267112732,
  "model.layers.12.mlp.down_proj.weight": 10.831834150478244,
  "model.layers.12.input_layernorm.weight": 0.07139168192406942,
  "model.layers.12.post_attention_layernorm.weight": 0.090766491019167,
  "model.layers.13.self_attn.q_proj.weight": 2.2744915587827563,
  "model.layers.13.self_attn.k_proj.weight": 0.6121827904134989,
  "model.layers.13.self_attn.v_proj.weight": 12.709783429279923,
  "model.layers.13.self_attn.o_proj.weight": 15.334955133497715,
  "model.layers.13.mlp.gate_proj.weight": 6.247020135633647,
  "model.layers.13.mlp.up_proj.weight": 10.511980015784502,
  "model.layers.13.mlp.down_proj.weight": 12.369457423686981,
  "model.layers.13.input_layernorm.weight": 0.061325976326770615,